DDMMYYYY,Q_m3_s
01/01/1995,3.137
02/01/1995,2.332
03/01/1995,1.895
04/01/1995,1.68
05/01/1995,2.317
06/01/1995,2.259
07/01/1995,4.228
08/01/1995,4.436
09/01/1995,6.6
10/01/1995,5.496
11/01/1995,4.357
12/01/1995,3.317
13/01/1995,3.157
14/01/1995,2.992
15/01/1995,2.907
16/01/1995,4.43
17/01/1995,4.241
18/01/1995,4.17
19/01/1995,3.328
20/01/1995,3.275
21/01/1995,3.635
22/01/1995,4.269
23/01/1995,4.52
24/01/1995,3.804
25/01/1995,3.187
26/01/1995,2.596
27/01/1995,2.194
28/01/1995,3.145
29/01/1995,3.073
30/01/1995,3.097
31/01/1995,4.435
01/02/1995,3.731
02/02/1995,3.063
03/02/1995,3.079
04/02/1995,2.726
05/02/1995,3.789
06/02/1995,5.814
07/02/1995,5.005
08/02/1995,3.803
09/02/1995,2.877
10/02/1995,2.178
11/02/1995,2.313
12/02/1995,2.176
13/02/1995,2.33
14/02/1995,2.982
15/02/1995,3.306
16/02/1995,3.091
17/02/1995,2.899
18/02/1995,2.953
19/02/1995,3.401
20/02/1995,3.186
21/02/1995,4.081
22/02/1995,4.86
23/02/1995,4.379
24/02/1995,3.541
25/02/1995,2.829
26/02/1995,2.389
27/02/1995,5.106
28/02/1995,5.693
01/03/1995,5.028
02/03/1995,4.036
03/03/1995,3.053
04/03/1995,2.579
05/03/1995,2.546
06/03/1995,2.085
07/03/1995,1.896
08/03/1995,1.698
09/03/1995,1.854
10/03/1995,3.613
11/03/1995,3.583
12/03/1995,2.966
13/03/1995,2.887
14/03/1995,2.946
15/03/1995,2.784
16/03/1995,3.094
17/03/1995,3.631
18/03/1995,3.104
19/03/1995,2.673
20/03/1995,2.13
21/03/1995,1.885
22/03/1995,1.82
23/03/1995,3.667
24/03/1995,3.279
25/03/1995,3.276
26/03/1995,2.985
27/03/1995,2.568
28/03/1995,2.089
29/03/1995,1.812
30/03/1995,1.944
31/03/1995,2.128
01/04/1995,2.012
02/04/1995,1.869
03/04/1995,2.063
04/04/1995,2.421
05/04/1995,4.906
06/04/1995,4.209
07/04/1995,3.404
08/04/1995,2.627
09/04/1995,2.128
10/04/1995,1.897
11/04/1995,1.788
12/04/1995,1.581
13/04/1995,1.382
14/04/1995,1.232
15/04/1995,1.111
16/04/1995,1.004
17/04/1995,0.989
18/04/1995,0.933
19/04/1995,0.846
20/04/1995,0.745
21/04/1995,0.662
22/04/1995,0.581
23/04/1995,0.549
24/04/1995,0.519
25/04/1995,0.485
26/04/1995,0.485
27/04/1995,0.485
28/04/1995,0.485
29/04/1995,0.485
30/04/1995,0.485
01/05/1995,0.486
02/05/1995,0.486
03/05/1995,0.485
04/05/1995,0.485
05/05/1995,0.485
06/05/1995,0.485
07/05/1995,0.484
08/05/1995,0.457
09/05/1995,0.413
10/05/1995,0.382
11/05/1995,0.365
12/05/1995,0.336
13/05/1995,0.326
14/05/1995,0.31
15/05/1995,0.295
16/05/1995,0.287
17/05/1995,0.249
18/05/1995,0.245
19/05/1995,0.257
20/05/1995,0.26
21/05/1995,0.248
22/05/1995,0.257
23/05/1995,0.252
24/05/1995,0.252
25/05/1995,0.263
26/05/1995,0.271
27/05/1995,0.365
28/05/1995,0.605
29/05/1995,1.123
30/05/1995,1.287
31/05/1995,1.343
01/06/1995,1.258
02/06/1995,1.126
03/06/1995,1.32
04/06/1995,1.277
05/06/1995,1.169
06/06/1995,1.094
07/06/1995,0.98
08/06/1995,0.792
09/06/1995,0.661
10/06/1995,0.575
11/06/1995,0.493
12/06/1995,0.443
13/06/1995,0.39
14/06/1995,0.368
15/06/1995,0.334
16/06/1995,0.318
17/06/1995,0.37
18/06/1995,0.429
19/06/1995,0.678
20/06/1995,0.766
21/06/1995,0.677
22/06/1995,0.6
23/06/1995,0.533
24/06/1995,0.475
25/06/1995,0.42
26/06/1995,0.369
27/06/1995,0.337
28/06/1995,0.305
29/06/1995,0.279
30/06/1995,0.243
01/07/1995,0.222
02/07/1995,0.214
03/07/1995,0.198
04/07/1995,0.182
05/07/1995,0.695
06/07/1995,1.636
07/07/1995,1.475
08/07/1995,1.244
09/07/1995,1.036
10/07/1995,0.809
11/07/1995,0.732
12/07/1995,0.698
13/07/1995,0.603
14/07/1995,0.54
15/07/1995,0.506
16/07/1995,0.454
17/07/1995,0.438
18/07/1995,0.408
19/07/1995,0.573
20/07/1995,1.712
21/07/1995,1.618
22/07/1995,1.463
23/07/1995,2.105
24/07/1995,1.869
25/07/1995,1.599
26/07/1995,1.356
27/07/1995,1.192
28/07/1995,1.069
29/07/1995,0.957
30/07/1995,0.784
31/07/1995,0.655
01/08/1995,0.572
02/08/1995,0.508
03/08/1995,0.442
04/08/1995,0.389
05/08/1995,0.347
06/08/1995,0.303
07/08/1995,0.268
08/08/1995,0.238
09/08/1995,0.213
10/08/1995,0.194
11/08/1995,0.177
12/08/1995,0.179
13/08/1995,0.172
14/08/1995,0.165
15/08/1995,0.161
16/08/1995,0.155
17/08/1995,0.148
18/08/1995,0.142
19/08/1995,0.137
20/08/1995,0.133
21/08/1995,0.129
22/08/1995,0.127
23/08/1995,0.125
24/08/1995,0.196
25/08/1995,0.236
26/08/1995,0.242
27/08/1995,0.246
28/08/1995,0.234
29/08/1995,0.242
30/08/1995,0.225
31/08/1995,0.215
01/09/1995,0.212
02/09/1995,0.214
03/09/1995,0.216
04/09/1995,0.212
05/09/1995,0.226
06/09/1995,0.217
07/09/1995,0.246
08/09/1995,0.351
09/09/1995,0.331
10/09/1995,0.315
11/09/1995,0.298
12/09/1995,0.279
13/09/1995,0.284
14/09/1995,0.276
15/09/1995,0.263
16/09/1995,0.245
17/09/1995,0.23
18/09/1995,0.219
19/09/1995,0.209
20/09/1995,0.201
21/09/1995,0.201
22/09/1995,0.214
23/09/1995,0.607
24/09/1995,1.086
25/09/1995,2.308
26/09/1995,2.588
27/09/1995,3.054
28/09/1995,2.679
29/09/1995,2.122
30/09/1995,1.972
01/10/1995,3.197
02/10/1995,4.865
03/10/1995,5.634
04/10/1995,5.579
05/10/1995,5.97
06/10/1995,6.487
07/10/1995,5.437
08/10/1995,4.406
09/10/1995,3.485
10/10/1995,2.694
11/10/1995,2.259
12/10/1995,2.396
13/10/1995,2.704
14/10/1995,2.28
15/10/1995,2.502
16/10/1995,3.496
17/10/1995,5.623
18/10/1995,4.948
19/10/1995,5.083
20/10/1995,4.339
21/10/1995,4.214
22/10/1995,5.567
23/10/1995,4.95
24/10/1995,5.319
25/10/1995,5.079
26/10/1995,5.44
27/10/1995,5.09
28/10/1995,4.163
29/10/1995,3.351
30/10/1995,2.868
31/10/1995,3.261
01/11/1995,2.597
02/11/1995,2.093
03/11/1995,1.789
04/11/1995,1.533
05/11/1995,1.342
06/11/1995,1.203
07/11/1995,1.296
08/11/1995,1.663
09/11/1995,1.68
10/11/1995,1.55
11/11/1995,1.419
12/11/1995,1.341
13/11/1995,1.233
14/11/1995,1.112
15/11/1995,0.849
16/11/1995,0.717
17/11/1995,0.622
18/11/1995,0.574
19/11/1995,0.541
20/11/1995,0.658
21/11/1995,1.048
22/11/1995,1.413
23/11/1995,2.681
24/11/1995,3.443
25/11/1995,4.127
26/11/1995,3.309
27/11/1995,2.574
28/11/1995,1.977
29/11/1995,1.658
30/11/1995,1.501
01/12/1995,1.456
02/12/1995,1.411
03/12/1995,1.365
04/12/1995,1.289
05/12/1995,1.16
06/12/1995,1.044
07/12/1995,0.916
08/12/1995,0.766
09/12/1995,0.719
10/12/1995,0.677
11/12/1995,0.627
12/12/1995,0.579
13/12/1995,0.534
14/12/1995,0.49
15/12/1995,0.459
16/12/1995,0.418
17/12/1995,0.393
18/12/1995,0.372
19/12/1995,0.348
20/12/1995,0.321
21/12/1995,0.306
22/12/1995,0.304
23/12/1995,0.312
24/12/1995,0.345
25/12/1995,0.326
26/12/1995,0.299
27/12/1995,0.28
28/12/1995,0.262
29/12/1995,0.244
30/12/1995,0.222
31/12/1995,0.21
01/01/1996,0.265
02/01/1996,0.39
03/01/1996,0.495
04/01/1996,0.681
05/01/1996,0.925
06/01/1996,1.026
07/01/1996,1.14
08/01/1996,1.452
09/01/1996,1.656
10/01/1996,1.529
11/01/1996,1.402
12/01/1996,1.342
13/01/1996,1.518
14/01/1996,2.11
15/01/1996,1.999
16/01/1996,1.913
17/01/1996,2.063
18/01/1996,1.955
19/01/1996,1.921
20/01/1996,1.714
21/01/1996,1.491
22/01/1996,1.306
23/01/1996,1.144
24/01/1996,0.99
25/01/1996,0.846
26/01/1996,0.719
27/01/1996,0.641
28/01/1996,0.579
29/01/1996,0.517
30/01/1996,0.466
31/01/1996,0.43
01/02/1996,0.398
02/02/1996,0.371
03/02/1996,0.346
04/02/1996,0.34
05/02/1996,0.491
06/02/1996,0.53
07/02/1996,0.52
08/02/1996,0.54
09/02/1996,1.624
10/02/1996,3.656
11/02/1996,4.311
12/02/1996,4.811
13/02/1996,3.841
14/02/1996,3.02
15/02/1996,3.8
16/02/1996,4.97
17/02/1996,4.936
18/02/1996,4.713
19/02/1996,3.629
20/02/1996,2.834
21/02/1996,2.238
22/02/1996,1.983
23/02/1996,2.123
24/02/1996,2.109
25/02/1996,2.078
26/02/1996,1.971
27/02/1996,1.942
28/02/1996,1.864
29/02/1996,1.888
01/03/1996,1.723
02/03/1996,1.52
03/03/1996,1.341
04/03/1996,1.192
05/03/1996,1.062
06/03/1996,0.941
07/03/1996,0.803
08/03/1996,0.663
09/03/1996,0.619
10/03/1996,0.56
11/03/1996,0.983
12/03/1996,2.4
13/03/1996,2.067
14/03/1996,1.753
15/03/1996,1.507
16/03/1996,1.349
17/03/1996,1.21
18/03/1996,1.075
19/03/1996,0.957
20/03/1996,0.815
21/03/1996,0.695
22/03/1996,0.623
23/03/1996,0.566
24/03/1996,0.507
25/03/1996,0.46
26/03/1996,0.42
27/03/1996,0.412
28/03/1996,0.408
29/03/1996,0.374
30/03/1996,0.349
31/03/1996,0.329
01/04/1996,0.312
02/04/1996,0.294
03/04/1996,0.287
04/04/1996,0.271
05/04/1996,0.256
06/04/1996,0.242
07/04/1996,0.235
08/04/1996,0.23
09/04/1996,0.221
10/04/1996,0.255
11/04/1996,0.262
12/04/1996,0.272
13/04/1996,0.273
14/04/1996,0.33
15/04/1996,0.334
16/04/1996,1.014
17/04/1996,1.858
18/04/1996,2.207
19/04/1996,2.131
20/04/1996,2.01
21/04/1996,2.063
22/04/1996,2.41
23/04/1996,2.06
24/04/1996,2.112
25/04/1996,2.714
26/04/1996,4.744
27/04/1996,4.135
28/04/1996,3.314
29/04/1996,2.796
30/04/1996,2.21
01/05/1996,1.839
02/05/1996,1.565
03/05/1996,1.351
04/05/1996,1.182
05/05/1996,1.068
06/05/1996,0.916
07/05/1996,0.751
08/05/1996,0.664
09/05/1996,0.581
10/05/1996,0.515
11/05/1996,0.464
12/05/1996,0.428
13/05/1996,0.397
14/05/1996,0.368
15/05/1996,0.328
16/05/1996,0.303
17/05/1996,0.291
18/05/1996,0.287
19/05/1996,0.286
20/05/1996,0.315
21/05/1996,0.325
22/05/1996,0.479
23/05/1996,0.593
24/05/1996,0.596
25/05/1996,0.582
26/05/1996,0.538
27/05/1996,0.498
28/05/1996,1.692
29/05/1996,1.951
30/05/1996,1.867
31/05/1996,2.004
01/06/1996,2.134
02/06/1996,1.867
03/06/1996,2.04
04/06/1996,1.935
05/06/1996,2.038
06/06/1996,1.783
07/06/1996,1.549
08/06/1996,1.358
09/06/1996,1.297
10/06/1996,1.434
11/06/1996,2.608
12/06/1996,2.476
13/06/1996,2.005
14/06/1996,1.696
15/06/1996,1.45
16/06/1996,1.256
17/06/1996,1.079
18/06/1996,0.873
19/06/1996,0.688
20/06/1996,0.599
21/06/1996,0.525
22/06/1996,0.457
23/06/1996,0.404
24/06/1996,0.365
25/06/1996,0.349
26/06/1996,0.333
27/06/1996,0.316
28/06/1996,0.459
29/06/1996,0.45
30/06/1996,0.5
01/07/1996,0.539
02/07/1996,0.537
03/07/1996,1.093
04/07/1996,1.073
05/07/1996,1.046
06/07/1996,1.01
07/07/1996,0.875
08/07/1996,0.741
09/07/1996,0.709
10/07/1996,1.471
11/07/1996,2.588
12/07/1996,2.099
13/07/1996,1.98
14/07/1996,1.735
15/07/1996,1.485
16/07/1996,1.279
17/07/1996,1.112
18/07/1996,0.953
19/07/1996,0.765
20/07/1996,0.662
21/07/1996,0.594
22/07/1996,0.767
23/07/1996,0.754
24/07/1996,0.651
25/07/1996,0.658
26/07/1996,0.7
27/07/1996,0.633
28/07/1996,0.565
29/07/1996,0.519
30/07/1996,0.574
31/07/1996,1.369
01/08/1996,1.99
02/08/1996,1.731
03/08/1996,1.528
04/08/1996,1.321
05/08/1996,1.19
06/08/1996,1.052
07/08/1996,0.894
08/08/1996,0.787
09/08/1996,0.886
10/08/1996,0.809
11/08/1996,0.719
12/08/1996,0.638
13/08/1996,0.569
14/08/1996,0.511
15/08/1996,0.474
16/08/1996,0.483
17/08/1996,0.45
18/08/1996,0.42
19/08/1996,0.39
20/08/1996,0.627
21/08/1996,0.704
22/08/1996,0.723
23/08/1996,0.71
24/08/1996,0.696
25/08/1996,0.896
26/08/1996,1.066
27/08/1996,1.012
28/08/1996,0.908
29/08/1996,0.766
30/08/1996,0.666
31/08/1996,0.594
01/09/1996,0.688
02/09/1996,0.905
03/09/1996,0.853
04/09/1996,0.745
05/09/1996,0.675
06/09/1996,0.622
07/09/1996,0.562
08/09/1996,0.512
09/09/1996,0.469
10/09/1996,0.419
11/09/1996,0.384
12/09/1996,0.334
13/09/1996,0.298
14/09/1996,0.277
15/09/1996,0.259
16/09/1996,0.241
17/09/1996,0.217
18/09/1996,0.195
19/09/1996,0.182
20/09/1996,0.163
21/09/1996,0.157
22/09/1996,0.151
23/09/1996,0.151
24/09/1996,0.184
25/09/1996,0.283
26/09/1996,0.635
27/09/1996,1.271
28/09/1996,3.644
29/09/1996,4.13
30/09/1996,3.872
01/10/1996,3.152
02/10/1996,2.788
03/10/1996,4.828
04/10/1996,5.155
05/10/1996,4.175
06/10/1996,4.078
07/10/1996,4.4
08/10/1996,3.69
09/10/1996,3.267
10/10/1996,2.595
11/10/1996,3.639
12/10/1996,4.851
13/10/1996,4.15
14/10/1996,4.091
15/10/1996,4.116
16/10/1996,3.651
17/10/1996,3.272
18/10/1996,3.291
19/10/1996,2.948
20/10/1996,3.11
21/10/1996,3.013
22/10/1996,2.43
23/10/1996,2.046
24/10/1996,2.705
25/10/1996,3.608
26/10/1996,3.625
27/10/1996,5.692
28/10/1996,5.152
29/10/1996,4.277
30/10/1996,4.049
31/10/1996,4.561
01/11/1996,4.655
02/11/1996,6.651
03/11/1996,7.347
04/11/1996,6.781
05/11/1996,6.136
06/11/1996,5.736
07/11/1996,4.626
08/11/1996,4.163
09/11/1996,3.705
10/11/1996,3.225
11/11/1996,2.591
12/11/1996,2.05
13/11/1996,1.799
14/11/1996,1.661
15/11/1996,1.545
16/11/1996,1.656
17/11/1996,1.612
18/11/1996,1.437
19/11/1996,1.284
20/11/1996,1.155
21/11/1996,2.687
22/11/1996,2.782
23/11/1996,2.326
24/11/1996,2.452
25/11/1996,2.449
26/11/1996,2.063
27/11/1996,1.807
28/11/1996,2.26
29/11/1996,3.051
30/11/1996,3.186
01/12/1996,3.272
02/12/1996,3.165
03/12/1996,2.627
04/12/1996,2.062
05/12/1996,1.739
06/12/1996,1.506
07/12/1996,1.639
08/12/1996,2.002
09/12/1996,1.963
10/12/1996,1.784
11/12/1996,1.581
12/12/1996,1.413
13/12/1996,1.281
14/12/1996,1.328
15/12/1996,1.272
16/12/1996,1.211
17/12/1996,1.155
18/12/1996,1.516
19/12/1996,1.498
20/12/1996,1.328
21/12/1996,1.181
22/12/1996,1.05
23/12/1996,0.935
24/12/1996,0.809
25/12/1996,0.708
26/12/1996,0.699
27/12/1996,0.699
28/12/1996,0.641
29/12/1996,0.589
30/12/1996,0.533
31/12/1996,0.483
01/01/1997,0.447
02/01/1997,0.422
03/01/1997,0.394
04/01/1997,0.37
05/01/1997,0.346
06/01/1997,0.326
07/01/1997,0.311
08/01/1997,0.295
09/01/1997,0.281
10/01/1997,0.27
11/01/1997,0.781
12/01/1997,2.508
13/01/1997,2.587
14/01/1997,3.02
15/01/1997,2.523
16/01/1997,2.03
17/01/1997,1.849
18/01/1997,2.129
19/01/1997,2.106
20/01/1997,1.831
21/01/1997,1.587
22/01/1997,1.397
23/01/1997,1.248
24/01/1997,1.232
25/01/1997,1.134
26/01/1997,1.067
27/01/1997,1.027
28/01/1997,0.948
29/01/1997,0.85
30/01/1997,0.741
31/01/1997,0.67
01/02/1997,0.683
02/02/1997,1.222
03/02/1997,2.043
04/02/1997,3.503
05/02/1997,2.66
06/02/1997,2.623
07/02/1997,2.761
08/02/1997,4.834
09/02/1997,5.273
10/02/1997,5.241
11/02/1997,4.562
12/02/1997,4.91
13/02/1997,4.272
14/02/1997,3.329
15/02/1997,2.705
16/02/1997,2.644
17/02/1997,4.117
18/02/1997,3.914
19/02/1997,4.939
20/02/1997,4.547
21/02/1997,3.932
22/02/1997,3.252
23/02/1997,3.174
24/02/1997,3.201
25/02/1997,3.048
26/02/1997,2.521
27/02/1997,3.532
28/02/1997,3.418
01/03/1997,4.476
02/03/1997,4.561
03/03/1997,3.682
04/03/1997,2.904
05/03/1997,2.731
06/03/1997,2.216
07/03/1997,3.021
08/03/1997,2.847
09/03/1997,2.235
10/03/1997,1.875
11/03/1997,1.655
12/03/1997,1.582
13/03/1997,2.064
14/03/1997,2.288
15/03/1997,3.632
16/03/1997,4.135
17/03/1997,3.669
18/03/1997,3.884
19/03/1997,3.294
20/03/1997,2.685
21/03/1997,2.104
22/03/1997,2
23/03/1997,1.972
24/03/1997,1.961
25/03/1997,3.538
26/03/1997,3.725
27/03/1997,3.43
28/03/1997,3.118
29/03/1997,2.526
30/03/1997,2.064
31/03/1997,1.789
01/04/1997,1.591
02/04/1997,1.448
03/04/1997,1.416
04/04/1997,2.787
05/04/1997,4.986
06/04/1997,3.967
07/04/1997,3.143
08/04/1997,2.425
09/04/1997,1.967
10/04/1997,1.673
11/04/1997,1.432
12/04/1997,1.251
13/04/1997,1.103
14/04/1997,0.966
15/04/1997,0.815
16/04/1997,0.7
17/04/1997,0.626
18/04/1997,0.562
19/04/1997,0.503
20/04/1997,0.468
21/04/1997,0.435
22/04/1997,0.395
23/04/1997,2.994
24/04/1997,3.811
25/04/1997,2.917
26/04/1997,2.166
27/04/1997,1.889
28/04/1997,2.279
29/04/1997,2.428
30/04/1997,2.038
01/05/1997,1.749
02/05/1997,1.497
03/05/1997,1.307
04/05/1997,1.281
05/05/1997,1.213
06/05/1997,1.128
07/05/1997,1.059
08/05/1997,0.944
09/05/1997,0.819
10/05/1997,0.696
11/05/1997,0.683
12/05/1997,1.476
13/05/1997,2.106
14/05/1997,1.902
15/05/1997,1.634
16/05/1997,1.397
17/05/1997,1.262
18/05/1997,1.158
19/05/1997,1.027
20/05/1997,0.871
21/05/1997,0.731
22/05/1997,0.639
23/05/1997,0.569
24/05/1997,0.51
25/05/1997,0.476
26/05/1997,0.478
27/05/1997,0.436
28/05/1997,0.399
29/05/1997,0.365
30/05/1997,0.331
31/05/1997,0.291
01/06/1997,0.26
02/06/1997,0.241
03/06/1997,0.225
04/06/1997,0.21
05/06/1997,0.187
06/06/1997,0.193
07/06/1997,0.19
08/06/1997,0.186
09/06/1997,0.178
10/06/1997,0.174
11/06/1997,0.171
12/06/1997,0.193
13/06/1997,0.189
14/06/1997,0.177
15/06/1997,0.169
16/06/1997,0.159
17/06/1997,0.151
18/06/1997,0.179
19/06/1997,0.18
20/06/1997,0.171
21/06/1997,0.159
22/06/1997,0.156
23/06/1997,0.143
24/06/1997,0.133
25/06/1997,0.129
26/06/1997,0.124
27/06/1997,0.112
28/06/1997,0.106
29/06/1997,0.105
30/06/1997,0.1
01/07/1997,0.105
02/07/1997,0.105
03/07/1997,0.107
04/07/1997,0.107
05/07/1997,0.106
06/07/1997,0.352
07/07/1997,1.119
08/07/1997,1.165
09/07/1997,1.031
10/07/1997,0.831
11/07/1997,0.685
12/07/1997,0.599
13/07/1997,0.567
14/07/1997,0.497
15/07/1997,0.6
16/07/1997,0.852
17/07/1997,0.751
18/07/1997,0.641
19/07/1997,0.567
20/07/1997,0.505
21/07/1997,0.447
22/07/1997,0.394
23/07/1997,0.477
24/07/1997,0.436
25/07/1997,0.398
26/07/1997,0.39
27/07/1997,0.369
28/07/1997,0.425
29/07/1997,0.7
30/07/1997,1.98
31/07/1997,2.395
01/08/1997,3.078
02/08/1997,2.458
03/08/1997,1.962
04/08/1997,1.629
05/08/1997,1.367
06/08/1997,1.165
07/08/1997,0.994
08/08/1997,0.837
09/08/1997,0.741
10/08/1997,0.64
11/08/1997,0.565
12/08/1997,0.504
13/08/1997,0.472
14/08/1997,0.426
15/08/1997,0.421
16/08/1997,0.395
17/08/1997,0.383
18/08/1997,0.342
19/08/1997,0.312
20/08/1997,0.332
21/08/1997,0.416
22/08/1997,0.395
23/08/1997,0.378
24/08/1997,0.347
25/08/1997,0.322
26/08/1997,0.295
27/08/1997,0.277
28/08/1997,0.254
29/08/1997,0.295
30/08/1997,0.328
31/08/1997,0.361
01/09/1997,0.529
02/09/1997,0.867
03/09/1997,1.87
04/09/1997,1.908
05/09/1997,1.736
06/09/1997,2.217
07/09/1997,2.058
08/09/1997,1.866
09/09/1997,1.575
10/09/1997,1.352
11/09/1997,1.204
12/09/1997,1.157
13/09/1997,1.253
14/09/1997,2.621
15/09/1997,3.966
16/09/1997,5.593
17/09/1997,4.435
18/09/1997,3.363
19/09/1997,2.49
20/09/1997,1.94
21/09/1997,1.625
22/09/1997,1.388
23/09/1997,1.187
24/09/1997,1.023
25/09/1997,0.862
26/09/1997,0.707
27/09/1997,0.623
28/09/1997,0.641
29/09/1997,0.649
30/09/1997,0.61
01/10/1997,0.609
02/10/1997,0.549
03/10/1997,0.65
04/10/1997,1.499
05/10/1997,2.098
06/10/1997,2.534
07/10/1997,2.298
08/10/1997,2.063
09/10/1997,2.305
10/10/1997,2.52
11/10/1997,2.076
12/10/1997,1.799
13/10/1997,1.557
14/10/1997,1.607
15/10/1997,1.856
16/10/1997,2.553
17/10/1997,3.033
18/10/1997,2.58
19/10/1997,2.081
20/10/1997,1.758
21/10/1997,1.513
22/10/1997,1.321
23/10/1997,1.159
24/10/1997,1.014
25/10/1997,0.846
26/10/1997,0.722
27/10/1997,0.643
28/10/1997,0.574
29/10/1997,0.534
30/10/1997,0.584
31/10/1997,0.575
01/11/1997,0.801
02/11/1997,0.811
03/11/1997,0.728
04/11/1997,0.656
05/11/1997,0.602
06/11/1997,0.571
07/11/1997,0.532
08/11/1997,0.498
09/11/1997,0.486
10/11/1997,0.679
11/11/1997,1.089
12/11/1997,1.219
13/11/1997,1.396
14/11/1997,1.917
15/11/1997,1.803
16/11/1997,2.582
17/11/1997,3.684
18/11/1997,4.879
19/11/1997,4.286
20/11/1997,3.479
21/11/1997,3.027
22/11/1997,2.344
23/11/1997,1.945
24/11/1997,1.733
25/11/1997,1.5
26/11/1997,1.327
27/11/1997,1.179
28/11/1997,1.05
29/11/1997,0.924
30/11/1997,0.77
01/12/1997,0.677
02/12/1997,0.598
03/12/1997,0.539
04/12/1997,0.533
05/12/1997,3.565
06/12/1997,5.992
07/12/1997,5.655
08/12/1997,5.127
09/12/1997,4.957
10/12/1997,5.096
11/12/1997,4.405
12/12/1997,3.967
13/12/1997,3.848
14/12/1997,3.161
15/12/1997,2.449
16/12/1997,1.953
17/12/1997,1.638
18/12/1997,1.602
19/12/1997,1.49
20/12/1997,1.431
21/12/1997,1.388
22/12/1997,1.273
23/12/1997,1.314
24/12/1997,1.833
25/12/1997,2.054
26/12/1997,1.874
27/12/1997,1.874
28/12/1997,1.94
29/12/1997,1.732
30/12/1997,2.474
31/12/1997,3.221
01/01/1998,5.319
02/01/1998,5.68
03/01/1998,5.916
04/01/1998,5.025
05/01/1998,4.091
06/01/1998,3.279
07/01/1998,2.651
08/01/1998,2.342
09/01/1998,3.16
10/01/1998,4.163
11/01/1998,3.381
12/01/1998,2.743
13/01/1998,2.208
14/01/1998,2.316
15/01/1998,3.466
16/01/1998,3.269
17/01/1998,5.138
18/01/1998,4.533
19/01/1998,3.494
20/01/1998,2.79
21/01/1998,2.527
22/01/1998,2.124
23/01/1998,1.91
24/01/1998,1.663
25/01/1998,1.454
26/01/1998,1.288
27/01/1998,1.151
28/01/1998,1.043
29/01/1998,0.943
30/01/1998,0.825
31/01/1998,0.721
01/02/1998,0.683
02/02/1998,0.632
03/02/1998,0.745
04/02/1998,0.841
05/02/1998,1.089
06/02/1998,1.694
07/02/1998,1.919
08/02/1998,2.571
09/02/1998,4.892
10/02/1998,5.225
11/02/1998,13.12
12/02/1998,16.65
13/02/1998,11.49
14/02/1998,10.96
15/02/1998,9.16
16/02/1998,6.996
17/02/1998,5.373
18/02/1998,4.136
19/02/1998,3.258
20/02/1998,3.185
21/02/1998,2.805
22/02/1998,2.875
23/02/1998,4.511
24/02/1998,4.407
25/02/1998,3.572
26/02/1998,3.318
27/02/1998,3.268
28/02/1998,2.588
01/03/1998,2.25
02/03/1998,2.167
03/03/1998,2.244
04/03/1998,2.705
05/03/1998,2.35
06/03/1998,2.757
07/03/1998,3.27
08/03/1998,2.617
09/03/1998,2.085
10/03/1998,2.76
11/03/1998,2.584
12/03/1998,2.503
13/03/1998,2.113
14/03/1998,1.874
15/03/1998,1.996
16/03/1998,3.105
17/03/1998,2.806
18/03/1998,2.181
19/03/1998,1.854
20/03/1998,1.615
21/03/1998,1.401
22/03/1998,1.225
23/03/1998,1.125
24/03/1998,1.424
25/03/1998,1.364
26/03/1998,3.999
27/03/1998,2.389
28/03/1998,1.707
29/03/1998,1.839
30/03/1998,2.785
31/03/1998,2.358
01/04/1998,2.01
02/04/1998,1.758
03/04/1998,1.555
04/04/1998,1.396
05/04/1998,1.241
06/04/1998,1.071
07/04/1998,1.135
08/04/1998,1.636
09/04/1998,1.548
10/04/1998,1.381
11/04/1998,1.232
12/04/1998,1.038
13/04/1998,0.845
14/04/1998,0.725
15/04/1998,0.646
16/04/1998,0.598
17/04/1998,0.545
18/04/1998,0.5
19/04/1998,0.471
20/04/1998,0.453
21/04/1998,0.409
22/04/1998,0.463
23/04/1998,0.521
24/04/1998,0.548
25/04/1998,0.607
26/04/1998,0.821
27/04/1998,0.94
28/04/1998,0.797
29/04/1998,0.709
30/04/1998,0.644
01/05/1998,0.583
02/05/1998,0.522
03/05/1998,0.47
04/05/1998,0.445
05/05/1998,0.505
06/05/1998,0.535
07/05/1998,0.666
08/05/1998,0.628
09/05/1998,0.582
10/05/1998,0.526
11/05/1998,0.455
12/05/1998,0.42
13/05/1998,0.396
14/05/1998,0.434
15/05/1998,0.407
16/05/1998,0.38
17/05/1998,0.352
18/05/1998,0.323
19/05/1998,0.297
20/05/1998,0.284
21/05/1998,0.256
22/05/1998,0.239
23/05/1998,0.223
24/05/1998,0.217
25/05/1998,0.213
26/05/1998,0.191
27/05/1998,0.171
28/05/1998,0.159
29/05/1998,0.147
30/05/1998,0.149
31/05/1998,0.15
01/06/1998,0.144
02/06/1998,0.135
03/06/1998,0.132
04/06/1998,0.129
05/06/1998,0.125
06/06/1998,0.132
07/06/1998,0.144
08/06/1998,0.155
09/06/1998,0.264
10/06/1998,0.373
11/06/1998,0.363
12/06/1998,0.33
13/06/1998,0.298
14/06/1998,0.272
15/06/1998,0.251
16/06/1998,0.232
17/06/1998,0.212
18/06/1998,0.199
19/06/1998,0.198
20/06/1998,0.24
21/06/1998,0.308
22/06/1998,0.453
23/06/1998,1.406
24/06/1998,1.78
25/06/1998,1.566
26/06/1998,1.477
27/06/1998,1.469
28/06/1998,1.495
29/06/1998,1.537
30/06/1998,1.335
01/07/1998,1.14
02/07/1998,0.98
03/07/1998,0.809
04/07/1998,0.754
05/07/1998,0.756
06/07/1998,0.669
07/07/1998,0.572
08/07/1998,1.048
09/07/1998,1.34
10/07/1998,1.546
11/07/1998,1.701
12/07/1998,2.427
13/07/1998,2.273
14/07/1998,1.87
15/07/1998,1.578
16/07/1998,1.619
17/07/1998,2.253
18/07/1998,2.748
19/07/1998,3.695
20/07/1998,4.443
21/07/1998,4.155
22/07/1998,4.445
23/07/1998,4.14
24/07/1998,3.305
25/07/1998,2.514
26/07/1998,2.381
27/07/1998,2.188
28/07/1998,1.979
29/07/1998,2.423
30/07/1998,2.223
31/07/1998,1.876
01/08/1998,1.593
02/08/1998,1.614
03/08/1998,2.681
04/08/1998,2.515
05/08/1998,3.825
06/08/1998,6.89
07/08/1998,6.353
08/08/1998,5.845
09/08/1998,4.441
10/08/1998,3.374
11/08/1998,2.651
12/08/1998,2.645
13/08/1998,3.017
14/08/1998,3.837
15/08/1998,3.298
16/08/1998,8.175
17/08/1998,8.277
18/08/1998,5.737
19/08/1998,4.559
20/08/1998,6.484
21/08/1998,5.266
22/08/1998,3.896
23/08/1998,3.238
24/08/1998,2.53
25/08/1998,1.969
26/08/1998,1.655
27/08/1998,1.405
28/08/1998,1.221
29/08/1998,1.058
30/08/1998,0.899
31/08/1998,0.742
01/09/1998,0.771
02/09/1998,1.317
03/09/1998,1.726
04/09/1998,1.485
05/09/1998,1.284
06/09/1998,1.115
07/09/1998,1.073
08/09/1998,1.655
09/09/1998,2.106
10/09/1998,2.085
11/09/1998,2.013
12/09/1998,2.009
13/09/1998,1.747
14/09/1998,1.513
15/09/1998,1.332
16/09/1998,1.256
17/09/1998,1.135
18/09/1998,1.253
19/09/1998,1.121
20/09/1998,0.996
21/09/1998,0.865
22/09/1998,0.732
23/09/1998,0.637
24/09/1998,0.564
25/09/1998,0.507
26/09/1998,0.459
27/09/1998,0.431
28/09/1998,0.401
29/09/1998,0.368
30/09/1998,0.333
01/10/1998,0.317
02/10/1998,0.296
03/10/1998,0.275
04/10/1998,0.254
05/10/1998,0.234
06/10/1998,0.217
07/10/1998,0.207
08/10/1998,0.208
09/10/1998,0.634
10/10/1998,0.634
11/10/1998,1.04
12/10/1998,1.044
13/10/1998,1.431
14/10/1998,1.565
15/10/1998,1.544
16/10/1998,2.931
17/10/1998,2.697
18/10/1998,2.698
19/10/1998,2.434
20/10/1998,4.598
21/10/1998,6.239
22/10/1998,7.14
23/10/1998,6.68
24/10/1998,6.85
25/10/1998,5.558
26/10/1998,4.744
27/10/1998,4.592
28/10/1998,4.295
29/10/1998,3.796
30/10/1998,3.167
31/10/1998,2.469
01/11/1998,2.014
02/11/1998,1.702
03/11/1998,1.475
04/11/1998,1.297
05/11/1998,1.465
06/11/1998,1.357
07/11/1998,1.742
08/11/1998,2.133
09/11/1998,3.666
10/11/1998,3.443
11/11/1998,3.112
12/11/1998,2.652
13/11/1998,2.31
14/11/1998,1.945
15/11/1998,1.664
16/11/1998,1.436
17/11/1998,1.271
18/11/1998,1.159
19/11/1998,1.038
20/11/1998,1.433
21/11/1998,3.388
22/11/1998,4.029
23/11/1998,3.781
24/11/1998,3.973
25/11/1998,3.957
26/11/1998,5.676
27/11/1998,5.676
28/11/1998,5.678
29/11/1998,5.678
30/11/1998,5.678
01/12/1998,3.259
02/12/1998,2.25
03/12/1998,2.007
04/12/1998,1.738
05/12/1998,1.502
06/12/1998,1.312
07/12/1998,1.35
08/12/1998,1.634
09/12/1998,1.492
10/12/1998,1.674
11/12/1998,2.468
12/12/1998,2.981
13/12/1998,4.269
14/12/1998,5.504
15/12/1998,5.122
16/12/1998,4.477
17/12/1998,5.219
18/12/1998,5.114
19/12/1998,4.186
20/12/1998,3.244
21/12/1998,2.536
22/12/1998,2.425
23/12/1998,2.826
24/12/1998,5.173
25/12/1998,5.416
26/12/1998,5.717
27/12/1998,5.125
28/12/1998,3.943
29/12/1998,3.272
30/12/1998,3.436
31/12/1998,2.709
01/01/1999,3.033
02/01/1999,4.852
03/01/1999,5.152
04/01/1999,5.081
05/01/1999,4.043
06/01/1999,3.255
07/01/1999,2.521
08/01/1999,2.03
09/01/1999,1.722
10/01/1999,1.475
11/01/1999,1.308
12/01/1999,1.308
13/01/1999,2.579
14/01/1999,3.36
15/01/1999,4.236
16/01/1999,3.662
17/01/1999,3.646
18/01/1999,4.312
19/01/1999,4.112
20/01/1999,3.731
21/01/1999,3.826
22/01/1999,4.966
23/01/1999,6.503
24/01/1999,5.701
25/01/1999,4.821
26/01/1999,4.526
27/01/1999,4.118
28/01/1999,3.835
29/01/1999,3.331
30/01/1999,2.822
31/01/1999,2.317
01/02/1999,N/A
02/02/1999,N/A
03/02/1999,N/A
04/02/1999,N/A
05/02/1999,N/A
06/02/1999,N/A
07/02/1999,N/A
08/02/1999,N/A
09/02/1999,N/A
10/02/1999,N/A
11/02/1999,N/A
12/02/1999,N/A
13/02/1999,N/A
14/02/1999,N/A
15/02/1999,N/A
16/02/1999,N/A
17/02/1999,N/A
18/02/1999,N/A
19/02/1999,N/A
20/02/1999,N/A
21/02/1999,N/A
22/02/1999,N/A
23/02/1999,N/A
24/02/1999,N/A
25/02/1999,N/A
26/02/1999,N/A
27/02/1999,N/A
28/02/1999,N/A
01/03/1999,4.258
02/03/1999,5.124
03/03/1999,4.376
04/03/1999,3.407
05/03/1999,2.537
06/03/1999,1.986
07/03/1999,1.671
08/03/1999,1.419
09/03/1999,1.229
10/03/1999,1.071
11/03/1999,0.945
12/03/1999,0.866
13/03/1999,0.76
14/03/1999,0.727
15/03/1999,2.449
16/03/1999,5.052
17/03/1999,4.897
18/03/1999,3.992
19/03/1999,3.088
20/03/1999,3.828
21/03/1999,4.397
22/03/1999,4.265
23/03/1999,3.695
24/03/1999,4.018
25/03/1999,5.361
26/03/1999,4.285
27/03/1999,3.374
28/03/1999,3.345
29/03/1999,4.015
30/03/1999,3.412
31/03/1999,2.919
01/04/1999,2.286
02/04/1999,3.849
03/04/1999,4.095
04/04/1999,3.504
05/04/1999,2.612
06/04/1999,2.565
07/04/1999,3.012
08/04/1999,2.876
09/04/1999,3.109
10/04/1999,2.839
11/04/1999,3.624
12/04/1999,3.573
13/04/1999,2.927
14/04/1999,2.455
15/04/1999,2.04
16/04/1999,1.75
17/04/1999,1.528
18/04/1999,1.364
19/04/1999,1.196
20/04/1999,1.085
21/04/1999,1.276
22/04/1999,1.982
23/04/1999,2.222
24/04/1999,2.038
25/04/1999,1.773
26/04/1999,1.534
27/04/1999,1.351
28/04/1999,1.184
29/04/1999,1.043
30/04/1999,0.907
01/05/1999,0.748
02/05/1999,0.651
03/05/1999,0.583
04/05/1999,0.512
05/05/1999,0.452
06/05/1999,0.424
07/05/1999,0.412
08/05/1999,0.446
09/05/1999,0.556
10/05/1999,0.69
11/05/1999,0.709
12/05/1999,0.952
13/05/1999,0.97
14/05/1999,0.908
15/05/1999,0.769
16/05/1999,0.665
17/05/1999,0.584
18/05/1999,0.503
19/05/1999,0.455
20/05/1999,0.465
21/05/1999,1.009
22/05/1999,1.463
23/05/1999,1.914
24/05/1999,2.085
25/05/1999,2.146
26/05/1999,2.625
27/05/1999,2.204
28/05/1999,2.432
29/05/1999,2.236
30/05/1999,1.908
31/05/1999,1.625
01/06/1999,1.383
02/06/1999,1.239
03/06/1999,1.328
04/06/1999,1.75
05/06/1999,3.955
06/06/1999,3.007
07/06/1999,2.262
08/06/1999,1.857
09/06/1999,1.547
10/06/1999,1.295
11/06/1999,1.086
12/06/1999,0.932
13/06/1999,0.911
14/06/1999,1.142
15/06/1999,1.048
16/06/1999,1.291
17/06/1999,1.364
18/06/1999,1.26
19/06/1999,5.071
20/06/1999,4.919
21/06/1999,3.839
22/06/1999,2.853
23/06/1999,2.132
24/06/1999,1.755
25/06/1999,1.461
26/06/1999,1.266
27/06/1999,1.229
28/06/1999,1.093
29/06/1999,1.06
30/06/1999,1.312
01/07/1999,1.764
02/07/1999,1.383
03/07/1999,1.154
04/07/1999,1.024
05/07/1999,0.899
06/07/1999,0.776
07/07/1999,0.96
08/07/1999,1.101
09/07/1999,1.04
10/07/1999,1.046
11/07/1999,0.904
12/07/1999,0.792
13/07/1999,0.797
14/07/1999,1.51
15/07/1999,1.729
16/07/1999,2.755
17/07/1999,4.336
18/07/1999,3.75
19/07/1999,3.662
20/07/1999,5.737
21/07/1999,6.329
22/07/1999,5.444
23/07/1999,6.811
24/07/1999,8.257
25/07/1999,6.693
26/07/1999,5.138
27/07/1999,3.91
28/07/1999,3.074
29/07/1999,2.422
30/07/1999,2.016
31/07/1999,1.742
01/08/1999,1.493
02/08/1999,1.22
03/08/1999,0.946
04/08/1999,0.746
05/08/1999,0.677
06/08/1999,0.616
07/08/1999,0.554
08/08/1999,0.487
09/08/1999,0.442
10/08/1999,0.413
11/08/1999,0.383
12/08/1999,0.416
13/08/1999,0.48
14/08/1999,0.733
15/08/1999,0.848
16/08/1999,1.394
17/08/1999,1.612
18/08/1999,1.422
19/08/1999,1.134
20/08/1999,0.881
21/08/1999,0.742
22/08/1999,0.659
23/08/1999,0.474
24/08/1999,0.366
25/08/1999,0.344
26/08/1999,0.392
27/08/1999,0.389
28/08/1999,0.363
29/08/1999,0.415
30/08/1999,0.713
31/08/1999,0.858
01/09/1999,1.569
02/09/1999,1.613
03/09/1999,1.489
04/09/1999,1.373
05/09/1999,1.396
06/09/1999,2.278
07/09/1999,2.099
08/09/1999,5.013
09/09/1999,4.869
10/09/1999,3.837
11/09/1999,4.218
12/09/1999,3.611
13/09/1999,2.962
14/09/1999,2.331
15/09/1999,1.923
16/09/1999,3.492
17/09/1999,3.65
18/09/1999,2.943
19/09/1999,2.288
20/09/1999,2.179
21/09/1999,2.038
22/09/1999,1.748
23/09/1999,1.588
24/09/1999,2.2
25/09/1999,2.303
26/09/1999,2.11
27/09/1999,1.869
28/09/1999,1.703
29/09/1999,1.855
30/09/1999,2.011
01/10/1999,2.857
02/10/1999,2.002
03/10/1999,1.483
04/10/1999,1.125
05/10/1999,0.82
06/10/1999,0.713
07/10/1999,1.24
08/10/1999,2.018
09/10/1999,2.133
10/10/1999,2.899
11/10/1999,1.872
12/10/1999,1.789
13/10/1999,1.482
14/10/1999,1.118
15/10/1999,0.893
16/10/1999,0.698
17/10/1999,0.549
18/10/1999,0.466
19/10/1999,0.437
20/10/1999,0.404
21/10/1999,0.392
22/10/1999,0.531
23/10/1999,0.734
24/10/1999,0.793
25/10/1999,0.67
26/10/1999,0.605
27/10/1999,2.449
28/10/1999,1.94
29/10/1999,1.588
30/10/1999,1.766
31/10/1999,2.388
01/11/1999,4.488
02/11/1999,4.695
03/11/1999,3.977
04/11/1999,4.253
05/11/1999,5.037
06/11/1999,4.045
07/11/1999,4.694
08/11/1999,4.246
09/11/1999,3.326
10/11/1999,2.496
11/11/1999,1.988
12/11/1999,1.684
13/11/1999,1.442
14/11/1999,1.267
15/11/1999,1.341
16/11/1999,1.648
17/11/1999,1.506
18/11/1999,1.324
19/11/1999,1.151
20/11/1999,1.023
21/11/1999,1.076
22/11/1999,1.318
23/11/1999,1.862
24/11/1999,2.819
25/11/1999,4.198
26/11/1999,5.142
27/11/1999,5.287
28/11/1999,6.746
29/11/1999,6.673
30/11/1999,8.363
01/12/1999,6.2
02/12/1999,5.512
03/12/1999,5.356
04/12/1999,4.201
05/12/1999,6.225
06/12/1999,8.043
07/12/1999,6.367
08/12/1999,6.195
09/12/1999,5.924
10/12/1999,4.535
11/12/1999,3.585
12/12/1999,2.798
13/12/1999,2.139
14/12/1999,1.791
15/12/1999,1.578
16/12/1999,3.231
17/12/1999,4.119
18/12/1999,3.179
19/12/1999,2.37
20/12/1999,1.935
21/12/1999,2.677
22/12/1999,6.133
23/12/1999,6.25
24/12/1999,6.836
25/12/1999,6.396
26/12/1999,5.665
27/12/1999,4.715
28/12/1999,3.769
29/12/1999,3.23
30/12/1999,4.178
31/12/1999,4.575
01/01/2000,4.014
02/01/2000,3.531
03/01/2000,3.199
04/01/2000,3.284
05/01/2000,4.748
06/01/2000,4.684
07/01/2000,7.068
08/01/2000,6.107
09/01/2000,4.985
10/01/2000,5.811
11/01/2000,5.145
12/01/2000,4.618
13/01/2000,3.718
14/01/2000,2.872
15/01/2000,2.207
16/01/2000,1.886
17/01/2000,1.634
18/01/2000,1.424
19/01/2000,1.249
20/01/2000,1.118
21/01/2000,1.028
22/01/2000,0.888
23/01/2000,0.744
24/01/2000,0.678
25/01/2000,0.618
26/01/2000,0.589
27/01/2000,0.886
28/01/2000,4.065
29/01/2000,4.704
30/01/2000,6.119
31/01/2000,8.648
01/02/2000,10.09
02/02/2000,7.487
03/02/2000,6.498
04/02/2000,7.427
05/02/2000,5.899
06/02/2000,4.869
07/02/2000,4.933
08/02/2000,4.435
09/02/2000,3.951
10/02/2000,4.315
11/02/2000,4.575
12/02/2000,4.529
13/02/2000,3.83
14/02/2000,4.388
15/02/2000,4.039
16/02/2000,3.443
17/02/2000,3.022
18/02/2000,3.912
19/02/2000,3.341
20/02/2000,3.105
21/02/2000,3.477
22/02/2000,2.932
23/02/2000,3.314
24/02/2000,3.419
25/02/2000,3.763
26/02/2000,3.89
27/02/2000,5.917
28/02/2000,5.564
29/02/2000,5.005
01/03/2000,4.144
02/03/2000,6.274
03/03/2000,5.031
04/03/2000,3.811
05/03/2000,3.961
06/03/2000,6.447
07/03/2000,7.973
08/03/2000,8.867
09/03/2000,7.482
10/03/2000,6.933
11/03/2000,5.446
12/03/2000,4.414
13/03/2000,4.028
14/03/2000,3.431
15/03/2000,2.727
16/03/2000,2.178
17/03/2000,1.919
18/03/2000,1.687
19/03/2000,1.5
20/03/2000,1.319
21/03/2000,1.167
22/03/2000,1.081
23/03/2000,1.165
24/03/2000,1.228
25/03/2000,1.172
26/03/2000,1.082
27/03/2000,0.965
28/03/2000,0.831
29/03/2000,0.726
30/03/2000,0.665
31/03/2000,0.611
01/04/2000,0.623
02/04/2000,0.626
03/04/2000,0.583
04/04/2000,0.526
05/04/2000,0.486
06/04/2000,0.45
07/04/2000,0.491
08/04/2000,0.567
09/04/2000,0.528
10/04/2000,0.54
11/04/2000,0.547
12/04/2000,0.502
13/04/2000,0.467
14/04/2000,0.428
15/04/2000,0.389
16/04/2000,0.359
17/04/2000,0.336
18/04/2000,0.335
19/04/2000,0.332
20/04/2000,0.343
21/04/2000,0.358
22/04/2000,0.346
23/04/2000,0.344
24/04/2000,0.345
25/04/2000,0.322
26/04/2000,0.382
27/04/2000,0.429
28/04/2000,0.411
29/04/2000,0.391
30/04/2000,0.373
01/05/2000,0.351
02/05/2000,0.327
03/05/2000,0.304
04/05/2000,0.285
05/05/2000,0.258
06/05/2000,0.243
07/05/2000,0.23
08/05/2000,0.219
09/05/2000,0.212
10/05/2000,0.194
11/05/2000,0.174
12/05/2000,0.16
13/05/2000,0.155
14/05/2000,0.151
15/05/2000,0.147
16/05/2000,0.177
17/05/2000,0.191
18/05/2000,0.195
19/05/2000,0.193
20/05/2000,0.181
21/05/2000,0.186
22/05/2000,0.181
23/05/2000,0.248
24/05/2000,0.361
25/05/2000,0.359
26/05/2000,0.387
27/05/2000,0.404
28/05/2000,0.385
29/05/2000,0.37
30/05/2000,0.345
31/05/2000,0.328
01/06/2000,0.448
02/06/2000,0.449
03/06/2000,0.39
04/06/2000,0.359
05/06/2000,0.333
06/06/2000,0.374
07/06/2000,0.379
08/06/2000,0.444
09/06/2000,0.418
10/06/2000,0.524
11/06/2000,0.749
12/06/2000,1.766
13/06/2000,1.917
14/06/2000,1.682
15/06/2000,1.437
16/06/2000,1.214
17/06/2000,1.022
18/06/2000,0.826
19/06/2000,0.679
20/06/2000,0.578
21/06/2000,1.264
22/06/2000,1.006
23/06/2000,1.012
24/06/2000,0.908
25/06/2000,0.741
26/06/2000,0.64
27/06/2000,0.565
28/06/2000,0.505
29/06/2000,0.455
30/06/2000,0.413
01/07/2000,0.374
02/07/2000,0.327
03/07/2000,0.303
04/07/2000,0.283
05/07/2000,0.267
06/07/2000,0.256
07/07/2000,0.247
08/07/2000,0.269
09/07/2000,0.39
10/07/2000,0.419
11/07/2000,0.368
12/07/2000,0.337
13/07/2000,0.341
14/07/2000,0.319
15/07/2000,0.288
16/07/2000,0.265
17/07/2000,0.245
18/07/2000,0.23
19/07/2000,0.214
20/07/2000,0.197
21/07/2000,0.186
22/07/2000,0.199
23/07/2000,0.19
24/07/2000,0.177
25/07/2000,0.165
26/07/2000,0.155
27/07/2000,0.153
28/07/2000,0.151
29/07/2000,0.144
30/07/2000,0.135
31/07/2000,0.149
01/08/2000,0.189
02/08/2000,0.221
03/08/2000,0.23
04/08/2000,0.22
05/08/2000,0.236
06/08/2000,0.279
07/08/2000,0.302
08/08/2000,0.395
09/08/2000,1.444
10/08/2000,1.502
11/08/2000,1.322
12/08/2000,1.195
13/08/2000,1.089
14/08/2000,1.108
15/08/2000,1.014
16/08/2000,0.963
17/08/2000,0.895
18/08/2000,0.752
19/08/2000,1.258
20/08/2000,1.194
21/08/2000,1.096
22/08/2000,0.998
23/08/2000,0.837
24/08/2000,0.701
25/08/2000,0.627
26/08/2000,0.603
27/08/2000,0.548
28/08/2000,0.517
29/08/2000,0.479
30/08/2000,0.438
31/08/2000,0.811
01/09/2000,0.763
02/09/2000,0.668
03/09/2000,0.584
04/09/2000,0.606
05/09/2000,1.175
06/09/2000,2.333
07/09/2000,3.889
08/09/2000,3.552
09/09/2000,3.114
10/09/2000,2.646
11/09/2000,4.339
12/09/2000,3.594
13/09/2000,2.753
14/09/2000,2.192
15/09/2000,1.846
16/09/2000,1.601
17/09/2000,1.963
18/09/2000,2.19
19/09/2000,2.3
20/09/2000,3.472
21/09/2000,3.347
22/09/2000,3.509
23/09/2000,2.829
24/09/2000,2.366
25/09/2000,2.149
26/09/2000,1.937
27/09/2000,2.276
28/09/2000,2.128
29/09/2000,1.898
30/09/2000,1.691
01/10/2000,1.524
02/10/2000,1.46
03/10/2000,2.048
04/10/2000,2.604
05/10/2000,2.319
06/10/2000,2.027
07/10/2000,2.16
08/10/2000,2.231
09/10/2000,2.123
10/10/2000,2.256
11/10/2000,2.14
12/10/2000,1.878
13/10/2000,1.692
14/10/2000,1.677
15/10/2000,1.67
16/10/2000,2.276
17/10/2000,3.433
18/10/2000,4.152
19/10/2000,3.779
20/10/2000,3.473
21/10/2000,2.904
22/10/2000,2.553
23/10/2000,3.83
24/10/2000,5.414
25/10/2000,6.417
26/10/2000,5.135
27/10/2000,4.866
28/10/2000,5.143
29/10/2000,6.467
30/10/2000,5.306
31/10/2000,4.595
01/11/2000,4.433
02/11/2000,3.824
03/11/2000,3.069
04/11/2000,2.512
05/11/2000,2.042
06/11/2000,1.749
07/11/2000,1.524
08/11/2000,1.34
09/11/2000,1.155
10/11/2000,1.109
11/11/2000,1.303
12/11/2000,1.654
13/11/2000,1.583
14/11/2000,1.446
15/11/2000,1.46
16/11/2000,1.754
17/11/2000,1.901
18/11/2000,2.088
19/11/2000,2.078
20/11/2000,1.857
21/11/2000,1.632
22/11/2000,1.658
23/11/2000,1.75
24/11/2000,1.917
25/11/2000,1.853
26/11/2000,1.784
27/11/2000,1.7
28/11/2000,1.695
29/11/2000,3.727
30/11/2000,4.181
01/12/2000,4.265
02/12/2000,4.689
03/12/2000,4.005
04/12/2000,5.443
05/12/2000,5.517
06/12/2000,5.002
07/12/2000,4.335
08/12/2000,3.666
09/12/2000,7.233
10/12/2000,6.662
11/12/2000,5.1
12/12/2000,4.134
13/12/2000,3.716
14/12/2000,3.49
15/12/2000,2.72
16/12/2000,2.12
17/12/2000,1.808
18/12/2000,1.571
19/12/2000,1.548
20/12/2000,3.309
21/12/2000,2.764
22/12/2000,2.168
23/12/2000,1.843
24/12/2000,1.59
25/12/2000,1.396
26/12/2000,1.231
27/12/2000,1.116
28/12/2000,1.043
29/12/2000,0.911
30/12/2000,0.767
31/12/2000,0.813
01/01/2001,1.586
02/01/2001,2.181
03/01/2001,2.507
04/01/2001,2.653
05/01/2001,2.643
06/01/2001,3.094
07/01/2001,3.215
08/01/2001,2.777
09/01/2001,2.268
10/01/2001,1.915
11/01/2001,1.644
12/01/2001,1.441
13/01/2001,1.272
14/01/2001,1.123
15/01/2001,0.996
16/01/2001,0.856
17/01/2001,0.727
18/01/2001,0.66
19/01/2001,0.594
20/01/2001,0.538
21/01/2001,0.513
22/01/2001,0.64
23/01/2001,0.868
24/01/2001,1.792
25/01/2001,1.761
26/01/2001,3.255
27/01/2001,3.392
28/01/2001,2.703
29/01/2001,2.154
30/01/2001,1.949
31/01/2001,1.775
01/02/2001,1.828
02/02/2001,2.05
03/02/2001,1.991
04/02/2001,1.78
05/02/2001,1.571
06/02/2001,2.058
07/02/2001,2.328
08/02/2001,1.958
09/02/2001,1.697
10/02/2001,1.722
11/02/2001,1.643
12/02/2001,1.498
13/02/2001,1.342
14/02/2001,1.214
15/02/2001,1.197
16/02/2001,1.1
17/02/2001,0.997
18/02/2001,0.958
19/02/2001,1.016
20/02/2001,0.99
21/02/2001,0.973
22/02/2001,0.937
23/02/2001,0.81
24/02/2001,0.723
25/02/2001,0.648
26/02/2001,0.586
27/02/2001,0.534
28/02/2001,0.487
01/03/2001,0.446
02/03/2001,0.414
03/03/2001,0.432
04/03/2001,0.485
05/03/2001,0.638
06/03/2001,0.62
07/03/2001,0.672
08/03/2001,0.685
09/03/2001,0.778
10/03/2001,0.921
11/03/2001,1.024
12/03/2001,1.254
13/03/2001,0.894
14/03/2001,N/A
15/03/2001,N/A
16/03/2001,N/A
17/03/2001,N/A
18/03/2001,N/A
19/03/2001,N/A
20/03/2001,N/A
21/03/2001,N/A
22/03/2001,N/A
23/03/2001,N/A
24/03/2001,N/A
25/03/2001,N/A
26/03/2001,N/A
27/03/2001,N/A
28/03/2001,N/A
29/03/2001,N/A
30/03/2001,N/A
31/03/2001,N/A
01/04/2001,N/A
02/04/2001,N/A
03/04/2001,N/A
04/04/2001,N/A
05/04/2001,N/A
06/04/2001,N/A
07/04/2001,N/A
08/04/2001,N/A
09/04/2001,N/A
10/04/2001,N/A
11/04/2001,0.602
12/04/2001,0.562
13/04/2001,0.552
14/04/2001,0.844
15/04/2001,0.82
16/04/2001,0.705
17/04/2001,0.695
18/04/2001,0.647
19/04/2001,0.569
20/04/2001,0.514
21/04/2001,0.539
22/04/2001,0.694
23/04/2001,0.746
24/04/2001,0.702
25/04/2001,0.651
26/04/2001,0.606
27/04/2001,0.68
28/04/2001,0.926
29/04/2001,1.226
30/04/2001,1.169
01/05/2001,1.039
02/05/2001,0.962
03/05/2001,0.854
04/05/2001,0.728
05/05/2001,0.647
06/05/2001,0.583
07/05/2001,0.532
08/05/2001,0.479
09/05/2001,0.414
10/05/2001,0.382
11/05/2001,0.357
12/05/2001,0.34
13/05/2001,0.306
14/05/2001,0.29
15/05/2001,0.279
16/05/2001,0.31
17/05/2001,0.294
18/05/2001,0.276
19/05/2001,0.266
20/05/2001,0.266
21/05/2001,0.255
22/05/2001,0.243
23/05/2001,0.226
24/05/2001,0.21
25/05/2001,0.215
26/05/2001,0.22
27/05/2001,0.222
28/05/2001,0.243
29/05/2001,0.276
30/05/2001,0.306
31/05/2001,0.311
01/06/2001,0.756
02/06/2001,0.829
03/06/2001,0.699
04/06/2001,0.63
05/06/2001,0.605
06/06/2001,0.608
07/06/2001,0.588
08/06/2001,0.583
09/06/2001,0.673
10/06/2001,0.62
11/06/2001,0.557
12/06/2001,0.501
13/06/2001,0.454
14/06/2001,0.392
15/06/2001,0.347
16/06/2001,0.331
17/06/2001,0.306
18/06/2001,0.297
19/06/2001,1.053
20/06/2001,1.553
21/06/2001,1.399
22/06/2001,1.216
23/06/2001,1.058
24/06/2001,0.921
25/06/2001,0.756
26/06/2001,0.644
27/06/2001,0.66
28/06/2001,0.841
29/06/2001,1.763
30/06/2001,2.197
01/07/2001,2.069
02/07/2001,1.923
03/07/2001,1.765
04/07/2001,1.627
05/07/2001,1.426
06/07/2001,1.244
07/07/2001,1.094
08/07/2001,0.952
09/07/2001,0.792
10/07/2001,1.263
11/07/2001,2.738
12/07/2001,3.351
13/07/2001,2.627
14/07/2001,2.032
15/07/2001,1.699
16/07/2001,1.439
17/07/2001,1.212
18/07/2001,1.042
19/07/2001,0.875
20/07/2001,0.714
21/07/2001,0.7
22/07/2001,0.7
23/07/2001,1.012
24/07/2001,1.181
25/07/2001,1.186
26/07/2001,1.117
27/07/2001,1.049
28/07/2001,0.928
29/07/2001,0.875
30/07/2001,0.919
31/07/2001,0.874
01/08/2001,1.142
02/08/2001,2.152
03/08/2001,1.966
04/08/2001,1.737
05/08/2001,1.583
06/08/2001,1.386
07/08/2001,1.236
08/08/2001,1.093
09/08/2001,0.925
10/08/2001,0.751
11/08/2001,1.155
12/08/2001,1.928
13/08/2001,5.318
14/08/2001,6.294
15/08/2001,5.89
16/08/2001,4.429
17/08/2001,3.595
18/08/2001,2.719
19/08/2001,2.123
20/08/2001,1.883
21/08/2001,1.906
22/08/2001,1.759
23/08/2001,1.519
24/08/2001,1.331
25/08/2001,1.173
26/08/2001,1.022
27/08/2001,0.843
28/08/2001,0.702
29/08/2001,0.678
30/08/2001,0.669
31/08/2001,0.594
01/09/2001,1.207
02/09/2001,1.757
03/09/2001,1.595
04/09/2001,1.402
05/09/2001,1.288
06/09/2001,1.257
07/09/2001,1.605
08/09/2001,1.548
09/09/2001,1.334
10/09/2001,1.164
11/09/2001,1.033
12/09/2001,1.94
13/09/2001,2.516
14/09/2001,2.164
15/09/2001,1.978
16/09/2001,1.719
17/09/2001,1.486
18/09/2001,1.301
19/09/2001,1.144
20/09/2001,0.998
21/09/2001,0.841
22/09/2001,0.709
23/09/2001,0.628
24/09/2001,0.554
25/09/2001,0.484
26/09/2001,0.434
27/09/2001,0.394
28/09/2001,0.384
29/09/2001,0.436
30/09/2001,0.846
01/10/2001,1.328
02/10/2001,2.271
03/10/2001,2.57
04/10/2001,2.707
05/10/2001,3.236
06/10/2001,3.198
07/10/2001,2.84
08/10/2001,2.616
09/10/2001,2.744
10/10/2001,4.316
11/10/2001,3.811
12/10/2001,3.505
13/10/2001,3.01
14/10/2001,2.561
15/10/2001,2.651
16/10/2001,3.43
17/10/2001,3.433
18/10/2001,2.994
19/10/2001,2.374
20/10/2001,2.18
21/10/2001,2.071
22/10/2001,1.969
23/10/2001,1.762
24/10/2001,1.794
25/10/2001,1.826
26/10/2001,1.742
27/10/2001,1.856
28/10/2001,1.786
29/10/2001,6.559
30/10/2001,10.27
31/10/2001,7.762
01/11/2001,5.557
02/11/2001,4.377
03/11/2001,3.861
04/11/2001,3.682
05/11/2001,5.34
06/11/2001,5.068
07/11/2001,4.27
08/11/2001,3.745
09/11/2001,2.954
10/11/2001,2.521
11/11/2001,2.51
12/11/2001,3.02
13/11/2001,2.429
14/11/2001,2.057
15/11/2001,1.912
16/11/2001,1.711
17/11/2001,1.539
18/11/2001,1.475
19/11/2001,1.508
20/11/2001,1.697
21/11/2001,2.184
22/11/2001,2.012
23/11/2001,2.076
24/11/2001,3.314
25/11/2001,3.755
26/11/2001,3.324
27/11/2001,3.724
28/11/2001,3.829
29/11/2001,4.203
30/11/2001,4.965
01/12/2001,4.441
02/12/2001,3.709
03/12/2001,6.131
04/12/2001,6.005
05/12/2001,4.595
06/12/2001,3.669
07/12/2001,3.153
08/12/2001,2.588
09/12/2001,2.086
10/12/2001,1.784
11/12/2001,1.547
12/12/2001,1.362
13/12/2001,1.208
14/12/2001,1.083
15/12/2001,0.967
16/12/2001,0.831
17/12/2001,0.718
18/12/2001,0.648
19/12/2001,0.598
20/12/2001,0.624
21/12/2001,0.913
22/12/2001,0.756
23/12/2001,0.971
24/12/2001,1.138
25/12/2001,1.067
26/12/2001,1.098
27/12/2001,1.433
28/12/2001,1.431
29/12/2001,1.314
30/12/2001,1.175
31/12/2001,1.055
01/01/2002,0.945
02/01/2002,0.788
03/01/2002,0.681
04/01/2002,0.649
05/01/2002,0.758
06/01/2002,0.72
07/01/2002,0.673
08/01/2002,0.641
09/01/2002,0.617
10/01/2002,0.58
11/01/2002,1.057
12/01/2002,1.247
13/01/2002,1.236
14/01/2002,1.904
15/01/2002,2.036
16/01/2002,2.937
17/01/2002,3.611
18/01/2002,3.62
19/01/2002,4.025
20/01/2002,5.454
21/01/2002,5.842
22/01/2002,5.72
23/01/2002,5.375
24/01/2002,4.445
25/01/2002,3.839
26/01/2002,4.175
27/01/2002,3.798
28/01/2002,3.653
29/01/2002,3.664
30/01/2002,3.755
31/01/2002,4.467
01/02/2002,5.213
02/02/2002,4.052
03/02/2002,3.504
04/02/2002,3.587
05/02/2002,3.627
06/02/2002,3.197
07/02/2002,4.122
08/02/2002,5.192
09/02/2002,5.29
10/02/2002,5.502
11/02/2002,6.763
12/02/2002,6.208
13/02/2002,4.85
14/02/2002,3.803
15/02/2002,3.178
16/02/2002,2.658
17/02/2002,2.903
18/02/2002,2.961
19/02/2002,3.989
20/02/2002,4.26
21/02/2002,5.917
22/02/2002,5.978
23/02/2002,4.603
24/02/2002,3.603
25/02/2002,4.393
26/02/2002,5.425
27/02/2002,4.784
28/02/2002,3.686
01/03/2002,2.867
02/03/2002,2.255
03/03/2002,2.099
04/03/2002,2.071
05/03/2002,4.561
06/03/2002,6.786
07/03/2002,5.282
08/03/2002,4.128
09/03/2002,3.427
10/03/2002,3.366
11/03/2002,3.702
12/03/2002,3.673
13/03/2002,2.918
14/03/2002,2.229
15/03/2002,1.858
16/03/2002,1.73
17/03/2002,1.636
18/03/2002,1.49
19/03/2002,1.337
20/03/2002,1.321
21/03/2002,1.574
22/03/2002,1.506
23/03/2002,1.36
24/03/2002,1.343
25/03/2002,1.329
26/03/2002,1.218
27/03/2002,1.105
28/03/2002,0.997
29/03/2002,0.873
30/03/2002,0.761
31/03/2002,0.888
01/04/2002,1.066
02/04/2002,1.01
03/04/2002,1.012
04/04/2002,0.906
05/04/2002,0.753
06/04/2002,0.673
07/04/2002,0.616
08/04/2002,0.561
09/04/2002,0.516
10/04/2002,0.474
11/04/2002,0.468
12/04/2002,0.44
13/04/2002,0.413
14/04/2002,0.43
15/04/2002,0.392
16/04/2002,0.366
17/04/2002,0.345
18/04/2002,0.331
19/04/2002,0.314
20/04/2002,0.41
21/04/2002,1.132
22/04/2002,1.815
23/04/2002,1.901
24/04/2002,1.734
25/04/2002,2.039
26/04/2002,2.895
27/04/2002,2.426
28/04/2002,2.944
29/04/2002,2.985
30/04/2002,2.403
01/05/2002,2.017
02/05/2002,1.725
03/05/2002,1.476
04/05/2002,1.286
05/05/2002,1.132
06/05/2002,0.98
07/05/2002,0.854
08/05/2002,0.739
09/05/2002,0.661
10/05/2002,0.662
11/05/2002,0.584
12/05/2002,0.517
13/05/2002,0.549
14/05/2002,0.794
15/05/2002,0.894
16/05/2002,0.898
17/05/2002,0.741
18/05/2002,0.714
19/05/2002,0.894
20/05/2002,1.159
21/05/2002,1.254
22/05/2002,1.58
23/05/2002,2.224
24/05/2002,2.912
25/05/2002,3.97
26/05/2002,3.207
27/05/2002,2.452
28/05/2002,1.959
29/05/2002,1.773
30/05/2002,1.717
31/05/2002,1.651
01/06/2002,1.468
02/06/2002,1.456
03/06/2002,1.489
04/06/2002,1.399
05/06/2002,1.279
06/06/2002,1.135
07/06/2002,1.024
08/06/2002,0.986
09/06/2002,1.047
10/06/2002,1.505
11/06/2002,1.787
12/06/2002,1.786
13/06/2002,1.9
14/06/2002,2.724
15/06/2002,3.056
16/06/2002,2.95
17/06/2002,2.766
18/06/2002,2.247
19/06/2002,1.951
20/06/2002,1.75
21/06/2002,1.642
22/06/2002,1.707
23/06/2002,1.571
24/06/2002,1.611
25/06/2002,1.772
26/06/2002,2.183
27/06/2002,1.915
28/06/2002,1.641
29/06/2002,1.651
30/06/2002,2.434
01/07/2002,2.696
02/07/2002,2.27
03/07/2002,1.925
04/07/2002,1.634
05/07/2002,1.415
06/07/2002,1.251
07/07/2002,1.129
08/07/2002,1.068
09/07/2002,1.001
10/07/2002,0.966
11/07/2002,1.017
12/07/2002,0.992
13/07/2002,0.863
14/07/2002,0.742
15/07/2002,0.697
16/07/2002,0.627
17/07/2002,0.56
18/07/2002,0.499
19/07/2002,0.478
20/07/2002,0.454
21/07/2002,0.423
22/07/2002,0.45
23/07/2002,0.693
24/07/2002,0.642
25/07/2002,0.836
26/07/2002,1.136
27/07/2002,1.192
28/07/2002,1.633
29/07/2002,2.032
30/07/2002,3.511
31/07/2002,3.674
01/08/2002,3.06
02/08/2002,2.292
03/08/2002,1.899
04/08/2002,1.628
05/08/2002,1.402
06/08/2002,1.243
07/08/2002,1.131
08/08/2002,0.97
09/08/2002,0.914
10/08/2002,0.758
11/08/2002,0.796
12/08/2002,0.968
13/08/2002,1.233
14/08/2002,1.273
15/08/2002,1.459
16/08/2002,1.303
17/08/2002,1.163
18/08/2002,1.129
19/08/2002,1.031
20/08/2002,0.897
21/08/2002,0.743
22/08/2002,0.653
23/08/2002,0.586
24/08/2002,0.589
25/08/2002,0.519
26/08/2002,0.469
27/08/2002,0.431
28/08/2002,0.426
29/08/2002,0.436
30/08/2002,0.986
31/08/2002,1.048
01/09/2002,0.923
02/09/2002,0.779
03/09/2002,0.673
04/09/2002,0.607
05/09/2002,0.903
06/09/2002,1.541
07/09/2002,1.83
08/09/2002,1.591
09/09/2002,1.699
10/09/2002,1.904
11/09/2002,1.667
12/09/2002,1.448
13/09/2002,1.266
14/09/2002,1.124
15/09/2002,0.988
16/09/2002,0.84
17/09/2002,0.708
18/09/2002,0.623
19/09/2002,0.558
20/09/2002,0.497
21/09/2002,0.45
22/09/2002,0.395
23/09/2002,0.36
24/09/2002,0.332
25/09/2002,0.351
26/09/2002,0.369
27/09/2002,0.355
28/09/2002,0.334
29/09/2002,0.315
30/09/2002,0.301
01/10/2002,0.295
02/10/2002,0.356
03/10/2002,0.621
04/10/2002,1.359
05/10/2002,1.569
06/10/2002,1.405
07/10/2002,1.253
08/10/2002,1.122
09/10/2002,0.948
10/10/2002,0.762
11/10/2002,0.984
12/10/2002,2.015
13/10/2002,1.803
14/10/2002,1.567
15/10/2002,1.361
16/10/2002,1.189
17/10/2002,1.037
18/10/2002,0.875
19/10/2002,0.724
20/10/2002,0.617
21/10/2002,0.55
22/10/2002,0.683
23/10/2002,0.758
24/10/2002,1.161
25/10/2002,1.667
26/10/2002,1.754
27/10/2002,1.981
28/10/2002,2.458
29/10/2002,2.33
30/10/2002,1.981
31/10/2002,1.717
01/11/2002,2.357
02/11/2002,2.879
03/11/2002,3.219
04/11/2002,3.536
05/11/2002,3.52
06/11/2002,3.653
07/11/2002,3.209
08/11/2002,2.629
09/11/2002,2.13
10/11/2002,2.457
11/11/2002,3.266
12/11/2002,2.913
13/11/2002,2.294
14/11/2002,1.914
15/11/2002,1.645
16/11/2002,1.42
17/11/2002,1.248
18/11/2002,1.103
19/11/2002,0.983
20/11/2002,0.926
21/11/2002,0.912
22/11/2002,0.956
23/11/2002,0.88
24/11/2002,0.808
25/11/2002,0.782
26/11/2002,1.174
27/11/2002,1.976
28/11/2002,2.135
29/11/2002,1.988
30/11/2002,2.373
01/12/2002,2.996
02/12/2002,3.11
03/12/2002,2.735
04/12/2002,2.959
05/12/2002,2.336
06/12/2002,1.946
07/12/2002,1.669
08/12/2002,1.441
09/12/2002,1.249
10/12/2002,1.08
11/12/2002,0.974
12/12/2002,0.82
13/12/2002,0.708
14/12/2002,0.637
15/12/2002,0.577
16/12/2002,0.527
17/12/2002,0.483
18/12/2002,0.447
19/12/2002,0.415
20/12/2002,0.391
21/12/2002,0.369
22/12/2002,0.37
23/12/2002,0.707
24/12/2002,1.022
25/12/2002,1.091
26/12/2002,1.019
27/12/2002,0.93
28/12/2002,0.798
29/12/2002,0.704
30/12/2002,0.631
31/12/2002,0.569