DDMMYYYY,Q
01/01/1995,0.848385075261535
02/01/1995,1.33833495193136
03/01/1995,1.02119258000942
04/01/1995,1.46644495313079
05/01/1995,1.42083478552121
06/01/1995,1.36281485689372
07/01/1995,2.11073369557454
08/01/1995,2.62772963945304
09/01/1995,2.54680506395783
10/01/1995,2.28467189995139
11/01/1995,2.3148089523239
12/01/1995,2.69386516229239
13/01/1995,2.35276673558812
14/01/1995,2.19631076806283
15/01/1995,2.05605611170262
16/01/1995,2.08920718051047
17/01/1995,1.95193820683634
18/01/1995,1.54237294116513
19/01/1995,1.41532754971773
20/01/1995,0.967645751336133
21/01/1995,0.957314449016909
22/01/1995,1.63238007210113
23/01/1995,2.02584561687613
24/01/1995,1.73745702571383
25/01/1995,1.59148270156178
26/01/1995,1.27382880435778
27/01/1995,1.21575426594374
28/01/1995,1.48217517907412
29/01/1995,1.91546597578324
30/01/1995,2.34207761098965
31/01/1995,2.62345272825519
01/02/1995,3.33617859156088
02/02/1995,3.47144820454201
03/02/1995,5.16903760265656
04/02/1995,5.20673082969228
05/02/1995,4.38567994280895
06/02/1995,2.54326067182111
07/02/1995,2.14058073838191
08/02/1995,2.13062999253044
09/02/1995,3.27476300591766
10/02/1995,3.79891057950517
11/02/1995,3.96353595748193
12/02/1995,3.67447541658104
13/02/1995,3.76784119654398
14/02/1995,3.43975258703787
15/02/1995,3.39122574614005
16/02/1995,3.42295930967327
17/02/1995,3.91318860611231
18/02/1995,4.17070824204663
19/02/1995,4.12817092652949
20/02/1995,4.30838037499058
21/02/1995,5.15360721213304
22/02/1995,4.67699329608631
23/02/1995,4.20723932374562
24/02/1995,3.08540531229537
25/02/1995,2.63960001288925
26/02/1995,2.02690012744956
27/02/1995,1.89517365845902
28/02/1995,1.99915919113366
01/03/1995,1.97939254348916
02/03/1995,1.89325352651754
03/03/1995,1.81106454306218
04/03/1995,2.28836901640269
05/03/1995,2.41475122533629
06/03/1995,2.32234603074049
07/03/1995,2.90551742971401
08/03/1995,2.65541610803129
09/03/1995,3.03913764967882
10/03/1995,3.13342934977079
11/03/1995,1.86721872992842
12/03/1995,1.66260863941569
13/03/1995,2.48895594207498
14/03/1995,2.59608701497778
15/03/1995,2.29987604438594
16/03/1995,2.25098664821368
17/03/1995,1.61760750931824
18/03/1995,1.18432793695343
19/03/1995,1.16720244201111
20/03/1995,1.10417807475943
21/03/1995,1.10846308623545
22/03/1995,0.898361635394854
23/03/1995,0.790304331839173
24/03/1995,0.650834557725518
25/03/1995,0.664089329090957
26/03/1995,0.816835111741185
27/03/1995,0.997909964696999
28/03/1995,0.892461507317617
29/03/1995,0.715004838214168
30/03/1995,0.77086314459655
31/03/1995,1.21870063842736
01/04/1995,1.53313941310624
02/04/1995,1.49021169784408
03/04/1995,1.57718078450569
04/04/1995,1.57327587786537
05/04/1995,1.89529722670584
06/04/1995,1.12314555811663
07/04/1995,0.822012122435255
08/04/1995,1.34725043548195
09/04/1995,1.84713726738777
10/04/1995,1.93737877570781
11/04/1995,1.35374098126935
12/04/1995,1.7091316096781
13/04/1995,1.47416981700069
14/04/1995,1.28864618525363
15/04/1995,1.14013926590885
16/04/1995,0.869192672882861
17/04/1995,1.10047681151936
18/04/1995,1.26288259888311
19/04/1995,1.46023804456321
20/04/1995,1.6968232368194
21/04/1995,1.84522918678512
22/04/1995,2.35042552430211
23/04/1995,2.05287514734548
24/04/1995,1.10079385442641
25/04/1995,0.561040788729387
26/04/1995,0.294114473985274
27/04/1995,0.366250747543953
28/04/1995,0.633906976689347
29/04/1995,0.640259693876424
30/04/1995,0.429865609701076
01/05/1995,0.357943322194318
02/05/1995,0.346280051892298
03/05/1995,0.350183959804187
04/05/1995,0.556311800292619
05/05/1995,0.601519438884811
06/05/1995,0.546313618762209
07/05/1995,0.615301196424091
08/05/1995,0.482730285739184
09/05/1995,0.369565210392685
10/05/1995,0.317115312981067
11/05/1995,0.326165180885809
12/05/1995,0.22267058764679
13/05/1995,0.221970860184922
14/05/1995,0.229106802568371
15/05/1995,0.201840917622151
16/05/1995,0.225634072990587
17/05/1995,0.221862679409608
18/05/1995,0.346707067642375
19/05/1995,0.389152237084033
20/05/1995,0.354151355573025
21/05/1995,0.470756920861816
22/05/1995,0.429493287719907
23/05/1995,0.448670150474227
24/05/1995,0.228099377507476
25/05/1995,0.178374813950716
26/05/1995,0.148562799314498
27/05/1995,0.198464738055139
28/05/1995,0.211967384863726
29/05/1995,0.191619523953543
30/05/1995,0.230986730506727
31/05/1995,0.14705286292233
01/06/1995,0.136651235132653
02/06/1995,0.135994502657848
03/06/1995,0.209850232977184
04/06/1995,0.211789160792297
05/06/1995,0.149852647191919
06/06/1995,0.13158781398095
07/06/1995,0.2240635232341
08/06/1995,0.292606985329384
09/06/1995,0.502796481595269
10/06/1995,0.438139848034164
11/06/1995,0.413876017551944
12/06/1995,0.391575254396286
13/06/1995,0.406730577448397
14/06/1995,0.498774106616918
15/06/1995,0.512795716469642
16/06/1995,0.579107579166707
17/06/1995,0.753565753613198
18/06/1995,0.608900905603698
19/06/1995,0.642322894149017
20/06/1995,0.618728342429783
21/06/1995,0.57152733516765
22/06/1995,0.804943360688093
23/06/1995,0.915212557945641
24/06/1995,0.981634664493542
25/06/1995,1.30983714826468
26/06/1995,1.63034267634139
27/06/1995,1.41777906158353
28/06/1995,1.05480583156816
29/06/1995,1.14159499503588
30/06/1995,1.02337275313642
01/07/1995,1.29650473704706
02/07/1995,1.56908226624673
03/07/1995,1.04076878528022
04/07/1995,0.650832592525093
05/07/1995,0.523026833433537
06/07/1995,0.670224883233052
07/07/1995,0.912598821467358
08/07/1995,0.928410283462912
09/07/1995,1.04503554009737
10/07/1995,0.886337052285076
11/07/1995,1.36391212859305
12/07/1995,2.47142696099928
13/07/1995,3.50386376017323
14/07/1995,3.72657298908849
15/07/1995,4.39736055134033
16/07/1995,4.27400808917899
17/07/1995,5.14733530444444
18/07/1995,4.34172968548868
19/07/1995,3.20436147930939
20/07/1995,3.22530219111451
21/07/1995,2.42229262965119
22/07/1995,4.0062841983677
23/07/1995,4.51747688940598
24/07/1995,2.38708485910191
25/07/1995,1.64529629956521
26/07/1995,1.95874670783939
27/07/1995,1.95141707916614
28/07/1995,3.18865320497168
29/07/1995,6.14571850427439
30/07/1995,8.48799357681795
31/07/1995,7.96730525182406
01/08/1995,4.71326585471758
02/08/1995,3.78684621344713
03/08/1995,2.1467845367037
04/08/1995,2.35681996928615
05/08/1995,4.98819154576546
06/08/1995,8.19429629858978
07/08/1995,5.4882741343391
08/08/1995,3.95328906081928
09/08/1995,2.2167422434956
10/08/1995,1.70622877415292
11/08/1995,0.871724901683488
12/08/1995,0.91871922640259
13/08/1995,1.25276052252474
14/08/1995,1.54006917209387
15/08/1995,1.48112355621226
16/08/1995,1.01786998698555
17/08/1995,0.913020976541255
18/08/1995,1.32596339186748
19/08/1995,1.79954545084182
20/08/1995,3.53563962876626
21/08/1995,3.73572991039748
22/08/1995,2.75299503576603
23/08/1995,1.31897704584412
24/08/1995,0.91975685274223
25/08/1995,0.951404677009824
26/08/1995,1.04149512083228
27/08/1995,1.305299065035
28/08/1995,1.70555179522754
29/08/1995,1.57308472774314
30/08/1995,1.80409765828259
31/08/1995,1.71938156716824
01/09/1995,1.555018620679
02/09/1995,1.83472359813436
03/09/1995,3.35147093059456
04/09/1995,2.86984261348039
05/09/1995,2.69410347183136
06/09/1995,3.27021191274372
07/09/1995,2.5472612039072
08/09/1995,1.91789496296669
09/09/1995,1.6730669730216
10/09/1995,1.02285114387469
11/09/1995,1.56743536511132
12/09/1995,2.17085186377493
13/09/1995,2.94484409548091
14/09/1995,3.43930457169374
15/09/1995,4.85052377981768
16/09/1995,6.12141269224434
17/09/1995,5.55150077790241
18/09/1995,7.34223964549905
19/09/1995,7.10113033187535
20/09/1995,4.82278366598851
21/09/1995,3.40547609193084
22/09/1995,2.61341947475349
23/09/1995,1.4613734420728
24/09/1995,1.28990743245198
25/09/1995,1.24316498021797
26/09/1995,1.07788363934839
27/09/1995,1.11165162898598
28/09/1995,1.08072560947354
29/09/1995,1.06146088329026
30/09/1995,0.751862672060107
01/10/1995,0.598624683874642
02/10/1995,0.657903829569151
03/10/1995,1.04640882509554
04/10/1995,2.54403048239388
05/10/1995,4.86335202287057
06/10/1995,4.8011041621579
07/10/1995,5.47028168956484
08/10/1995,4.67267904186966
09/10/1995,2.95299639600086
10/10/1995,2.64862569710827
11/10/1995,1.97331173445535
12/10/1995,2.12929123649186
13/10/1995,2.0482465254685
14/10/1995,2.26959815685434
15/10/1995,2.24834963000333
16/10/1995,2.62253954253238
17/10/1995,3.46770403625571
18/10/1995,2.71998660650215
19/10/1995,1.66952363206334
20/10/1995,1.57486908839246
21/10/1995,1.89100520778729
22/10/1995,3.4128711450652
23/10/1995,3.28918030874336
24/10/1995,4.25871199494281
25/10/1995,3.08447041820736
26/10/1995,4.18625443116147
27/10/1995,4.43483886981768
28/10/1995,5.88500962130755
29/10/1995,5.11329192883978
30/10/1995,4.55141847893113
31/10/1995,4.1145994143886
01/11/1995,3.4783265423738
02/11/1995,3.63439239413745
03/11/1995,2.98815984900326
04/11/1995,4.35206821579537
05/11/1995,5.53763940681827
06/11/1995,3.30638262959852
07/11/1995,2.70161426235826
08/11/1995,2.64141429120041
09/11/1995,2.83589821442924
10/11/1995,2.62685569658269
11/11/1995,2.21896591576121
12/11/1995,2.02674526306228
13/11/1995,1.92186549041573
14/11/1995,1.86940545605779
15/11/1995,1.68144759141759
16/11/1995,1.88794192328721
17/11/1995,2.34300021223625
18/11/1995,2.37456006347197
19/11/1995,1.82044023434963
20/11/1995,1.88352301299749
21/11/1995,2.63361282350477
22/11/1995,3.14019936866749
23/11/1995,3.1940461371111
24/11/1995,3.64830648759705
25/11/1995,2.97369037551928
26/11/1995,2.33072542428652
27/11/1995,1.55690916082299
28/11/1995,0.893787957041198
29/11/1995,0.79961163153179
30/11/1995,0.603785943989785
01/12/1995,0.543077102312367
02/12/1995,0.528426823638855
03/12/1995,0.442113987654575
04/12/1995,0.541960936968011
05/12/1995,0.985824479195608
06/12/1995,0.924751632261217
07/12/1995,1.06006435051315
08/12/1995,1.33025516008699
09/12/1995,1.764563352416
10/12/1995,1.9392056722286
11/12/1995,3.04034855039275
12/12/1995,3.8084339841622
13/12/1995,5.68084323612112
14/12/1995,4.48876120634548
15/12/1995,3.88816558921714
16/12/1995,4.27059928930204
17/12/1995,2.71773375524046
18/12/1995,2.59275221214585
19/12/1995,3.72872084030191
20/12/1995,3.58225042950828
21/12/1995,4.83909879913978
22/12/1995,3.85396049720608
23/12/1995,4.5545788083431
24/12/1995,5.96679359628612
25/12/1995,4.7447730422186
26/12/1995,3.42817093485854
27/12/1995,1.63048367256135
28/12/1995,2.24408519698978
29/12/1995,1.69022516410428
30/12/1995,1.56731160921152
31/12/1995,1.5639693839737
01/01/1996,2.03457464541717
02/01/1996,1.66057036108412
03/01/1996,0.905735135103359
04/01/1996,0.512516835537527
05/01/1996,0.605979126986455
06/01/1996,0.574123650392981
07/01/1996,0.834203911385495
08/01/1996,1.23020541691327
09/01/1996,2.26627801044763
10/01/1996,2.69871639721522
11/01/1996,2.59360791748641
12/01/1996,2.53698014687468
13/01/1996,2.19269079608279
14/01/1996,2.43261351977279
15/01/1996,2.30027800358393
16/01/1996,2.46187812391656
17/01/1996,2.60069489820997
18/01/1996,3.6071666005086
19/01/1996,3.49643218705175
20/01/1996,3.53363584551616
21/01/1996,2.96229976157451
22/01/1996,2.71436217916213
23/01/1996,2.42105183289867
24/01/1996,2.50762938300218
25/01/1996,2.22167341358112
26/01/1996,2.14617480427989
27/01/1996,2.27127757559857
28/01/1996,3.89986562537539
29/01/1996,2.66036488728754
30/01/1996,2.72121613042438
31/01/1996,1.33765844941067
01/02/1996,0.752171494835238
02/02/1996,0.889410156033291
03/02/1996,1.31450311097057
04/02/1996,1.00143974805921
05/02/1996,0.680398799139963
06/02/1996,1.08014593324
07/02/1996,1.56944716789423
08/02/1996,2.58945639395372
09/02/1996,3.21696724086041
10/02/1996,3.78958986968516
11/02/1996,4.60794946956771
12/02/1996,6.41771534085971
13/02/1996,6.6710344443294
14/02/1996,6.60689408144321
15/02/1996,5.00018281169391
16/02/1996,3.93250001994639
17/02/1996,3.65332528546492
18/02/1996,3.50125358640058
19/02/1996,3.61909812420379
20/02/1996,3.43951519833727
21/02/1996,3.55515667453126
22/02/1996,3.16670994967317
23/02/1996,3.45408163578532
24/02/1996,3.55155144297425
25/02/1996,3.3680688662165
26/02/1996,3.64614507695281
27/02/1996,4.27753012977706
28/02/1996,3.93890202035976
29/02/1996,4.56009650203827
01/03/1996,3.0096217852686
02/03/1996,2.57724913461728
03/03/1996,2.56870178832591
04/03/1996,2.69083503038979
05/03/1996,2.10534226284588
06/03/1996,2.20987553228059
07/03/1996,1.78742383634859
08/03/1996,1.35481434182975
09/03/1996,2.16097513540451
10/03/1996,1.73949088501097
11/03/1996,1.61234307449538
12/03/1996,2.16234246014392
13/03/1996,2.10397337997602
14/03/1996,1.79235861719223
15/03/1996,1.72827986553887
16/03/1996,1.63942445568368
17/03/1996,1.40287541534734
18/03/1996,1.55309946367684
19/03/1996,1.58999836821184
20/03/1996,1.45015347573045
21/03/1996,1.42124434664175
22/03/1996,1.48366453289354
23/03/1996,1.21290031888694
24/03/1996,1.27693829639609
25/03/1996,1.59278403178868
26/03/1996,1.24560725344128
27/03/1996,1.34932614120242
28/03/1996,1.07940316706305
29/03/1996,1.69098818352158
30/03/1996,1.75264734373524
31/03/1996,1.83929452602235
01/04/1996,1.44841203595101
02/04/1996,1.49166646892405
03/04/1996,2.03019018000258
04/04/1996,6.26447976231765
05/04/1996,4.29665332767588
06/04/1996,3.61012021444304
07/04/1996,3.23574994164338
08/04/1996,2.63274324017953
09/04/1996,1.70873272236528
10/04/1996,1.16649374117376
11/04/1996,1.00287582532351
12/04/1996,0.810891535060162
13/04/1996,0.726037907758823
14/04/1996,0.695740921470668
15/04/1996,0.595278141689189
16/04/1996,0.744791970307585
17/04/1996,0.889484443572359
18/04/1996,1.00267661200949
19/04/1996,0.901284407670897
20/04/1996,1.21561405623951
21/04/1996,1.27114785357983
22/04/1996,1.53134049134699
23/04/1996,2.33722373465782
24/04/1996,2.69951158181648
25/04/1996,3.89530845918445
26/04/1996,3.13815168954634
27/04/1996,2.84407037215618
28/04/1996,2.50645241888094
29/04/1996,1.75116603674625
30/04/1996,1.22387585400033
01/05/1996,1.0659144800245
02/05/1996,0.889047219559324
03/05/1996,0.922873054583341
04/05/1996,0.582729867178984
05/05/1996,0.514914720218645
06/05/1996,0.665530980485684
07/05/1996,0.558444301469356
08/05/1996,0.512122760160528
09/05/1996,0.527568695456972
10/05/1996,0.474941270240036
11/05/1996,0.436128837622162
12/05/1996,0.537663990459358
13/05/1996,0.424333538168445
14/05/1996,0.36010440201927
15/05/1996,0.303465636886553
16/05/1996,0.34268711467077
17/05/1996,0.348765906123797
18/05/1996,0.332226333566649
19/05/1996,0.344936973817234
20/05/1996,0.38300038757883
21/05/1996,0.581607270978816
22/05/1996,0.565589077663688
23/05/1996,0.550930040500219
24/05/1996,0.922372254940709
25/05/1996,1.02831951288075
26/05/1996,1.16134304215331
27/05/1996,1.05698230916051
28/05/1996,1.61062193557579
29/05/1996,1.56163692354952
30/05/1996,0.922784567682263
31/05/1996,0.517659004664516
01/06/1996,0.281508042986164
02/06/1996,0.194397492848423
03/06/1996,0.185628248935404
04/06/1996,0.18495932381373
05/06/1996,0.179578856050847
06/06/1996,0.147892150260561
07/06/1996,0.141393400906974
08/06/1996,0.113073865078289
09/06/1996,0.0712445843097983
10/06/1996,0.0718148200770186
11/06/1996,0.0707308887456448
12/06/1996,0.0921108088035863
13/06/1996,0.197176421684854
14/06/1996,0.197895638916592
15/06/1996,0.206166108381525
16/06/1996,0.417072028187754
17/06/1996,0.565038879092671
18/06/1996,0.525094483673757
19/06/1996,0.434662035630187
20/06/1996,0.397937879102571
21/06/1996,0.419094618653834
22/06/1996,0.542966380899375
23/06/1996,0.41326174889402
24/06/1996,0.45407796583922
25/06/1996,0.59760736922511
26/06/1996,0.651150363764817
27/06/1996,1.0035354420875
28/06/1996,0.847631425456833
29/06/1996,0.922666976083482
30/06/1996,1.40853238552986
01/07/1996,1.21087213298045
02/07/1996,1.46804564349886
03/07/1996,1.22662959008532
04/07/1996,1.24747754238547
05/07/1996,1.21413379483043
06/07/1996,1.38017616865617
07/07/1996,1.54960071316402
08/07/1996,1.70582342104634
09/07/1996,1.65600081628218
10/07/1996,1.50088006098689
11/07/1996,1.36427552200252
12/07/1996,0.82726298209024
13/07/1996,0.606135223403655
14/07/1996,0.598082656888194
15/07/1996,0.579814742892091
16/07/1996,0.582780076506465
17/07/1996,0.96692289830857
18/07/1996,1.13623812851872
19/07/1996,1.06774828830268
20/07/1996,0.79230600007354
21/07/1996,0.955308983938399
22/07/1996,1.22646401343804
23/07/1996,2.42717661353396
24/07/1996,2.6749624129279
25/07/1996,2.42190161930406
26/07/1996,1.97089098962212
27/07/1996,1.32468112773772
28/07/1996,0.906658564932363
29/07/1996,0.903999731974219
30/07/1996,0.420732241325599
31/07/1996,0.486248241422737
01/08/1996,0.360051598454025
02/08/1996,0.164361453253138
03/08/1996,0.13896025510956
04/08/1996,0.0969287845846837
05/08/1996,0.0582971568797108
06/08/1996,0.0602523706795927
07/08/1996,0.0633323907631526
08/08/1996,0.0835923884526363
09/08/1996,0.132196861954344
10/08/1996,0.148702071713769
11/08/1996,0.164424315855398
12/08/1996,0.148961665353722
13/08/1996,0.129177016239178
14/08/1996,0.199839141547692
15/08/1996,0.173297286997344
16/08/1996,0.228107406929408
17/08/1996,0.322682409986642
18/08/1996,0.402690833118047
19/08/1996,0.662706798031601
20/08/1996,0.703239757337097
21/08/1996,0.617396890027257
22/08/1996,0.400745615323859
23/08/1996,0.505145661274857
24/08/1996,0.500905107790464
25/08/1996,0.48746577516407
26/08/1996,0.527329850562779
27/08/1996,0.538910609427218
28/08/1996,0.511105622250623
29/08/1996,0.876449409663021
30/08/1996,0.940839685496085
31/08/1996,0.923271031532421
01/09/1996,1.30983620969951
02/09/1996,1.1269845896812
03/09/1996,0.648796402557856
04/09/1996,0.501684805862159
05/09/1996,0.637223170659488
06/09/1996,0.876839259639732
07/09/1996,1.00583351004333
08/09/1996,1.02253182202284
09/09/1996,0.576620983579328
10/09/1996,0.70403857016192
11/09/1996,0.869435128001344
12/09/1996,0.800202446245719
13/09/1996,0.807511580758249
14/09/1996,0.825341003600112
15/09/1996,1.34336995286379
16/09/1996,1.39381355955798
17/09/1996,2.17646229879846
18/09/1996,1.70065979386762
19/09/1996,1.87045054725893
20/09/1996,1.42711393631946
21/09/1996,2.36176868326178
22/09/1996,1.46489856113052
23/09/1996,1.57805911597944
24/09/1996,2.29107120877316
25/09/1996,2.85935534896613
26/09/1996,2.37924616319709
27/09/1996,2.20187117438106
28/09/1996,2.39333165273149
29/09/1996,1.48657694924119
30/09/1996,1.21487203506285
01/10/1996,1.15028339984185
02/10/1996,1.1634779906227
03/10/1996,2.88457506975131
04/10/1996,2.99095974948958
05/10/1996,2.89711573920893
06/10/1996,2.70502936392304
07/10/1996,3.80963892045488
08/10/1996,2.03111058404119
09/10/1996,1.50186364228492
10/10/1996,1.80444242476336
11/10/1996,1.822239397429
12/10/1996,1.72730843588582
13/10/1996,1.99831309772443
14/10/1996,2.61800944782127
15/10/1996,3.56942572375049
16/10/1996,4.25845096863464
17/10/1996,4.51746346069445
18/10/1996,4.57387490765136
19/10/1996,4.21375897562708
20/10/1996,4.26456696691743
21/10/1996,3.61480303574962
22/10/1996,2.31668179611359
23/10/1996,2.29328775538725
24/10/1996,1.73916392833423
25/10/1996,2.04351091177497
26/10/1996,2.72854174377789
27/10/1996,3.21068092527435
28/10/1996,2.99647615296146
29/10/1996,3.21254813604462
30/10/1996,3.89957049744386
31/10/1996,5.19691535733776
01/11/1996,5.84180210905195
02/11/1996,6.2072731542996
03/11/1996,5.91556509326117
04/11/1996,6.32701995754504
05/11/1996,5.63916445235667
06/11/1996,2.97958968919714
07/11/1996,2.12081905475698
08/11/1996,2.20166623104858
09/11/1996,1.94030630198828
10/11/1996,2.52021729186187
11/11/1996,2.29512147244476
12/11/1996,1.97863035110626
13/11/1996,1.78900293748411
14/11/1996,1.78551184377773
15/11/1996,1.67052115208671
16/11/1996,2.39107045481367
17/11/1996,2.32544582870386
18/11/1996,2.40509519451939
19/11/1996,2.76819175956296
20/11/1996,3.72003372269563
21/11/1996,4.16574552600571
22/11/1996,3.88188657587322
23/11/1996,4.6649046754612
24/11/1996,5.48395841048052
25/11/1996,7.79633962829161
26/11/1996,6.67456620165293
27/11/1996,7.01869898307463
28/11/1996,8.56191090392491
29/11/1996,9.0415868280035
30/11/1996,6.56572621892822
01/12/1996,5.75642413642744
02/12/1996,6.80441130355406
03/12/1996,5.11858353976836
04/12/1996,6.15508027647829
05/12/1996,6.93468057059836
06/12/1996,7.37205219483534
07/12/1996,8.21911291433097
08/12/1996,11.5614999629764
09/12/1996,21.9524196317257
10/12/1996,10.1276620559062
11/12/1996,9.00594797911346
12/12/1996,7.69659056517447
13/12/1996,5.69968734598744
14/12/1996,6.68711609237715
15/12/1996,8.33969122839144
16/12/1996,13.8446418402216
17/12/1996,10.6673219009209
18/12/1996,8.27787822727228
19/12/1996,4.48458319171188
20/12/1996,4.31427475084335
21/12/1996,3.98099839191298
22/12/1996,2.23328223583567
23/12/1996,2.79805350181219
24/12/1996,2.81949630108338
25/12/1996,2.67184508375893
26/12/1996,3.27370917645076
27/12/1996,2.4519770188446
28/12/1996,1.82223987502574
29/12/1996,2.21193397842801
30/12/1996,1.19243575555122
31/12/1996,0.644015841457614
01/01/1997,1.61333433177769
02/01/1997,1.57037850455977
03/01/1997,2.92852431507645
04/01/1997,2.5853953167317
05/01/1997,2.101836458087
06/01/1997,1.6360718057907
07/01/1997,1.55312340818381
08/01/1997,1.42985197804841
09/01/1997,1.67847591592592
10/01/1997,2.23132209675522
11/01/1997,1.66676219411409
12/01/1997,2.20404552935662
13/01/1997,2.11221441450481
14/01/1997,2.30214274206538
15/01/1997,2.02414679938473
16/01/1997,1.69622678734133
17/01/1997,1.41952061435103
18/01/1997,1.30147605780711
19/01/1997,1.26646293350529
20/01/1997,0.84606777331667
21/01/1997,0.763236716670508
22/01/1997,0.894436118684718
23/01/1997,0.725939638392815
24/01/1997,1.07749944968478
25/01/1997,0.9488751608602
26/01/1997,0.568328720347273
27/01/1997,0.607160614277219
28/01/1997,0.644375836416089
29/01/1997,0.421988485144815
30/01/1997,0.169610614260331
31/01/1997,0.0676634802155504
01/02/1997,0.0640021819893864
02/02/1997,0.126455507596447
03/02/1997,0.285577708214765
04/02/1997,0.413776804342521
05/02/1997,0.724807815472001
06/02/1997,0.863801852949002
07/02/1997,1.16651574711654
08/02/1997,1.43554172699655
09/02/1997,2.91131798152229
10/02/1997,3.72516827857918
11/02/1997,4.55231786271906
12/02/1997,4.1552512240894
13/02/1997,4.14990259499887
14/02/1997,4.96814230240077
15/02/1997,4.0077772113952
16/02/1997,3.31260409740875
17/02/1997,3.21849204498858
18/02/1997,3.26955015866934
19/02/1997,3.66544108838623
20/02/1997,3.52202702381953
21/02/1997,3.79443212584232
22/02/1997,3.90273450221493
23/02/1997,4.00787737351111
24/02/1997,4.11958481870826
25/02/1997,3.97353893066411
26/02/1997,4.18335247671515
27/02/1997,4.57403491020324
28/02/1997,4.23064800449737
01/03/1997,3.6648498426374
02/03/1997,3.31200823801948
03/03/1997,3.39361307861871
04/03/1997,2.55064973925855
05/03/1997,3.12826925535204
06/03/1997,4.18456916303809
07/03/1997,6.56776967558729
08/03/1997,5.36537324577408
09/03/1997,3.78575926392882
10/03/1997,3.44006724889605
11/03/1997,3.02860885189559
12/03/1997,2.20553908566283
13/03/1997,2.39508316837401
14/03/1997,2.10987758621231
15/03/1997,2.31718447486868
16/03/1997,2.44737336610162
17/03/1997,2.1135494763617
18/03/1997,1.50184035911529
19/03/1997,1.09283223653168
20/03/1997,0.85646386284906
21/03/1997,0.76209751018955
22/03/1997,0.706932542941639
23/03/1997,0.464343952488024
24/03/1997,0.696070527493517
25/03/1997,0.711217040661264
26/03/1997,0.620031340356368
27/03/1997,0.593636744646363
28/03/1997,0.578373669799099
29/03/1997,0.426688521856086
30/03/1997,0.491136578707876
31/03/1997,0.673623515683737
01/04/1997,0.658973068802683
02/04/1997,0.667332845019548
03/04/1997,0.764171347367114
04/04/1997,1.09626133017838
05/04/1997,1.11210614041006
06/04/1997,0.94218888397788
07/04/1997,1.36174771091995
08/04/1997,1.28333492923509
09/04/1997,1.20101021181941
10/04/1997,1.01536660976857
11/04/1997,0.902206723809978
12/04/1997,0.62407056017
13/04/1997,0.608173216958182
14/04/1997,0.61333793880252
15/04/1997,0.71365493010837
16/04/1997,0.569644064048595
17/04/1997,0.551140926807102
18/04/1997,0.485590428552177
19/04/1997,0.5971529724139
20/04/1997,0.697991263905866
21/04/1997,0.623715073001656
22/04/1997,0.885064242143817
23/04/1997,1.0330825488713
24/04/1997,0.83987170547716
25/04/1997,0.888381686955203
26/04/1997,0.662572026936562
27/04/1997,0.74509876927011
28/04/1997,0.944207187484536
29/04/1997,1.8165119707213
30/04/1997,1.59743883866825
01/05/1997,1.28702304022029
02/05/1997,1.33123239024095
03/05/1997,1.24266005803253
04/05/1997,1.31276634157417
05/05/1997,1.22390793116026
06/05/1997,1.36580503900372
07/05/1997,1.54320624680507
08/05/1997,1.30698450868237
09/05/1997,1.0619464132606
10/05/1997,0.862142287922999
11/05/1997,0.792779598916528
12/05/1997,1.25413428894378
13/05/1997,1.85385955765505
14/05/1997,2.48974905734425
15/05/1997,2.14017049488736
16/05/1997,3.17414355381325
17/05/1997,2.51313328389883
18/05/1997,1.79346156495024
19/05/1997,1.1092605083128
20/05/1997,0.946760045872627
21/05/1997,0.4871591630804
22/05/1997,0.427055917773718
23/05/1997,0.317713746780954
24/05/1997,0.308192778825574
25/05/1997,0.357243377282031
26/05/1997,0.496243232191339
27/05/1997,0.677093268788547
28/05/1997,0.884736262406804
29/05/1997,2.1015940134448
30/05/1997,2.7706171964782
31/05/1997,2.73258571826155
01/06/1997,2.80610040748712
02/06/1997,2.14549746197412
03/06/1997,1.63642193482811
04/06/1997,1.94503929277056
05/06/1997,1.74238151346951
06/06/1997,1.15040484808626
07/06/1997,0.944490334864761
08/06/1997,0.700776903131751
09/06/1997,0.720899950685235
10/06/1997,0.813091680874051
11/06/1997,0.783818285864464
12/06/1997,0.612636584436688
13/06/1997,0.38273808653034
14/06/1997,0.379280959462347
15/06/1997,0.352989402788307
16/06/1997,0.469661819118739
17/06/1997,0.288138104713687
18/06/1997,0.267360234403588
19/06/1997,0.200645401373316
20/06/1997,0.152932057898299
21/06/1997,0.12128626237717
22/06/1997,0.111192691633912
23/06/1997,0.148168533947072
24/06/1997,0.136608661169566
25/06/1997,0.125928094136712
26/06/1997,0.162788230478263
27/06/1997,0.171897094727102
28/06/1997,0.197766116571379
29/06/1997,0.169118292863588
30/06/1997,0.219532963203475
01/07/1997,0.337800433941517
02/07/1997,0.27200697920415
03/07/1997,0.205847568764767
04/07/1997,0.257279830717652
05/07/1997,0.475068893921736
06/07/1997,0.663668168316655
07/07/1997,0.795423383738216
08/07/1997,0.750710493574162
09/07/1997,0.840396215321787
10/07/1997,0.8622306787213
11/07/1997,1.07820842013765
12/07/1997,1.30458033929123
13/07/1997,1.01377370173043
14/07/1997,1.03354653519441
15/07/1997,1.08853369449407
16/07/1997,1.08520021548794
17/07/1997,1.30803261844417
18/07/1997,1.55838906329203
19/07/1997,2.46869598279541
20/07/1997,3.94232062199723
21/07/1997,2.63104505333859
22/07/1997,2.40459533469919
23/07/1997,2.85806037542213
24/07/1997,2.11552728363087
25/07/1997,1.44095976489374
26/07/1997,1.63350608156561
27/07/1997,1.81736717875656
28/07/1997,1.35301287859725
29/07/1997,1.83519367038654
30/07/1997,2.59861407933777
31/07/1997,3.14355285854998
01/08/1997,2.17672182606483
02/08/1997,1.29741180140255
03/08/1997,1.52505822230154
04/08/1997,1.485038150831
05/08/1997,2.18371798297825
06/08/1997,3.41911117428427
07/08/1997,2.23952704469774
08/08/1997,1.93781579899204
09/08/1997,2.39266838212072
10/08/1997,2.32132152023044
11/08/1997,2.4434273407346
12/08/1997,2.49555859252021
13/08/1997,2.80150767199834
14/08/1997,5.18876521412424
15/08/1997,2.71896011561608
16/08/1997,2.03036972204912
17/08/1997,1.04773352552737
18/08/1997,0.757743321758417
19/08/1997,0.499786119654796
20/08/1997,0.421249032759487
21/08/1997,0.515291991223252
22/08/1997,0.342352542952773
23/08/1997,0.224256780037928
24/08/1997,0.252814802786025
25/08/1997,0.260671967772503
26/08/1997,0.406450614015483
27/08/1997,0.500988491335975
28/08/1997,0.550982756874189
29/08/1997,0.568030551763615
30/08/1997,0.39877581687034
31/08/1997,0.293730724841968
01/09/1997,0.269173377586926
02/09/1997,0.227305683049358
03/09/1997,0.236501300891034
04/09/1997,0.260748386265979
05/09/1997,0.351206185663136
06/09/1997,0.31764757182347
07/09/1997,0.394465185335388
08/09/1997,0.560145399768032
09/09/1997,0.622218661946307
10/09/1997,0.864177657573697
11/09/1997,0.73981309761289
12/09/1997,0.671497327475293
13/09/1997,0.475603520040245
14/09/1997,0.552347235307704
15/09/1997,0.83004592643785
16/09/1997,0.800902910761779
17/09/1997,0.766369192058185
18/09/1997,0.844708625835421
19/09/1997,0.524267872831452
20/09/1997,0.687601841305469
21/09/1997,0.397007488751736
22/09/1997,0.425486250604435
23/09/1997,0.568776499708916
24/09/1997,0.906761544541379
25/09/1997,0.939777249607234
26/09/1997,0.874209641638632
27/09/1997,0.921651416724385
28/09/1997,0.96478459886613
29/09/1997,0.94165950287931
30/09/1997,0.557676577212656
01/10/1997,0.485340802914438
02/10/1997,0.452531648973729
03/10/1997,0.640046154464317
04/10/1997,1.01718541679051
05/10/1997,0.766364322271685
06/10/1997,0.530077135031295
07/10/1997,0.480435280505389
08/10/1997,0.593900240236755
09/10/1997,0.783808686068087
10/10/1997,0.837275171721546
11/10/1997,1.06788488160545
12/10/1997,1.27481086923843
13/10/1997,1.09055431299789
14/10/1997,0.884316058743717
15/10/1997,0.866396072387786
16/10/1997,1.12494153797694
17/10/1997,1.49475767634233
18/10/1997,1.14144952989521
19/10/1997,0.917682792400711
20/10/1997,1.05112485494646
21/10/1997,0.850906899710693
22/10/1997,1.20715787694428
23/10/1997,0.885030154232117
24/10/1997,0.859822712955123
25/10/1997,0.815675977861259
26/10/1997,0.694877241457623
27/10/1997,0.740789531353163
28/10/1997,0.764220253092151
29/10/1997,0.606722772295794
30/10/1997,0.785040928079875
31/10/1997,0.837916162603086
01/11/1997,1.27480986807024
02/11/1997,1.24116211511818
03/11/1997,0.995508330157332
04/11/1997,0.938198710791781
05/11/1997,0.744067073624179
06/11/1997,0.639018608614238
07/11/1997,0.64400011471354
08/11/1997,0.717263470191617
09/11/1997,0.781967893062466
10/11/1997,0.803276075236252
11/11/1997,1.29289778695569
12/11/1997,1.49353665929985
13/11/1997,1.61724032336451
14/11/1997,1.40385754728264
15/11/1997,1.39067483200851
16/11/1997,1.56451490190219
17/11/1997,1.75844001595893
18/11/1997,1.32095495373831
19/11/1997,0.924688129173577
20/11/1997,0.939079345503026
21/11/1997,1.10857020596942
22/11/1997,1.35427442270133
23/11/1997,1.75627595441644
24/11/1997,1.33237638994262
25/11/1997,1.10494561473635
26/11/1997,0.90849266246432
27/11/1997,0.654438753960828
28/11/1997,0.68891716323091
29/11/1997,0.722441122351065
30/11/1997,0.871327847248771
01/12/1997,0.773618827382267
02/12/1997,0.502004403583762
03/12/1997,0.550399795208856
04/12/1997,0.772162980242661
05/12/1997,1.12925618710033
06/12/1997,1.24687878769725
07/12/1997,1.2233161261257
08/12/1997,1.83006714537924
09/12/1997,2.84858069359336
10/12/1997,4.58421521220121
11/12/1997,4.12524015074357
12/12/1997,4.13664329750949
13/12/1997,5.3285142365591
14/12/1997,5.29429479622026
15/12/1997,6.50574357668294
16/12/1997,3.45219841543367
17/12/1997,3.09977136913605
18/12/1997,2.33446402389992
19/12/1997,1.96155357733829
20/12/1997,1.96374294863044
21/12/1997,2.98830572564406
22/12/1997,2.25869233037815
23/12/1997,2.22366552057301
24/12/1997,2.49303771671542
25/12/1997,2.30457060022284
26/12/1997,1.28867092069156
27/12/1997,1.31638750793905
28/12/1997,1.06066749119302
29/12/1997,1.13525090751036
30/12/1997,1.00249631272307
31/12/1997,0.795162787177191
01/01/1998,1.07193378368604
02/01/1998,1.81468894240341
03/01/1998,1.53261235585801
04/01/1998,1.14649170996581
05/01/1998,1.46661619988148
06/01/1998,0.804190645595458
07/01/1998,0.841380673931842
08/01/1998,0.565693656457865
09/01/1998,0.564164431730913
10/01/1998,0.900600273344656
11/01/1998,1.40136215775565
12/01/1998,2.0060716873412
13/01/1998,1.91130279648054
14/01/1998,2.12099682356282
15/01/1998,1.87189892958159
16/01/1998,1.49838192638376
17/01/1998,1.04499817011301
18/01/1998,0.793071729744793
19/01/1998,0.825466486214041
20/01/1998,0.81108667769932
21/01/1998,0.693039707545094
22/01/1998,0.691017425051952
23/01/1998,0.458023161350773
24/01/1998,0.60582000740597
25/01/1998,0.776675976129586
26/01/1998,0.88080852531905
27/01/1998,1.09535273061517
28/01/1998,1.79306383066637
29/01/1998,1.40135208415178
30/01/1998,0.842534963539049
31/01/1998,0.625937160345239
01/02/1998,0.487479474745799
02/02/1998,0.630984029396001
03/02/1998,0.759051648748008
04/02/1998,0.630829521821522
05/02/1998,0.732028881654255
06/02/1998,0.996033999686113
07/02/1998,1.71462253467501
08/02/1998,2.51751055030999
09/02/1998,3.57802794341594
10/02/1998,4.18821760739011
11/02/1998,3.63933049097451
12/02/1998,2.99393363745408
13/02/1998,2.79414426681679
14/02/1998,2.76085296163034
15/02/1998,3.65432843191215
16/02/1998,3.18140558168578
17/02/1998,3.49098100896089
18/02/1998,3.60818359060131
19/02/1998,3.35752579908598
20/02/1998,3.13456675591843
21/02/1998,3.28404232791368
22/02/1998,2.80385415201267
23/02/1998,3.12772597031946
24/02/1998,3.36296569760803
25/02/1998,3.27154552754028
26/02/1998,3.46615476314703
27/02/1998,5.02346878612995
28/02/1998,3.96008332747423
01/03/1998,3.3935571154698
02/03/1998,3.26566013331475
03/03/1998,4.23807847291273
04/03/1998,3.144109789067
05/03/1998,3.030252935693
06/03/1998,3.22623504845018
07/03/1998,3.09667195288954
08/03/1998,3.5730652057429
09/03/1998,3.57968598154637
10/03/1998,5.40350040059639
11/03/1998,4.69019405216493
12/03/1998,4.32641256041165
13/03/1998,3.40839056219015
14/03/1998,2.92513618960727
15/03/1998,2.9260782841638
16/03/1998,3.04283674965142
17/03/1998,2.88682599409889
18/03/1998,2.36357923414762
19/03/1998,1.93063380810462
20/03/1998,1.93222542092504
21/03/1998,1.53882307465601
22/03/1998,1.51691498479862
23/03/1998,1.84904790077872
24/03/1998,2.67031473710246
25/03/1998,5.42644387178732
26/03/1998,6.65361032095986
27/03/1998,6.52527441410165
28/03/1998,4.44198788837691
29/03/1998,2.95203850915891
30/03/1998,2.15844982846735
31/03/1998,1.51138392339957
01/04/1998,1.13139701448644
02/04/1998,0.996200828911888
03/04/1998,0.984338223880076
04/04/1998,1.1203641654067
05/04/1998,1.06304891568858
06/04/1998,1.02535100725538
07/04/1998,0.666946424791896
08/04/1998,1.04318514717543
09/04/1998,1.11437749032814
10/04/1998,0.917262003257779
11/04/1998,0.890621114034634
12/04/1998,0.785063338001582
13/04/1998,0.664635023548521
14/04/1998,0.777644667562714
15/04/1998,1.00239494885621
16/04/1998,0.968977507314035
17/04/1998,1.20894021194761
18/04/1998,1.80287945341389
19/04/1998,1.02793646345323
20/04/1998,0.899991581726805
21/04/1998,1.1712285528371
22/04/1998,1.51046616977022
23/04/1998,2.86188876698322
24/04/1998,2.93990975647553
25/04/1998,2.98709652325071
26/04/1998,2.87596467314416
27/04/1998,2.39836308796191
28/04/1998,1.79996197766096
29/04/1998,1.07999917966699
30/04/1998,1.15097803889791
01/05/1998,1.00854344262182
02/05/1998,0.957593912708783
03/05/1998,0.766196279580986
04/05/1998,0.842671976042676
05/05/1998,0.751019429465659
06/05/1998,0.610870553680873
07/05/1998,0.659081060502602
08/05/1998,0.562802815482414
09/05/1998,0.428765558192393
10/05/1998,0.533531559476614
11/05/1998,0.471588693374689
12/05/1998,0.603339439449236
13/05/1998,0.536059078342079
14/05/1998,0.622421146895276
15/05/1998,0.64988367259661
16/05/1998,0.493365539534713
17/05/1998,0.228774248884407
18/05/1998,0.294068704964303
19/05/1998,0.355544143700149
20/05/1998,0.317287602069438
21/05/1998,0.230486902217755
22/05/1998,0.207391876145153
23/05/1998,0.141195343367587
24/05/1998,0.0813910926789474
25/05/1998,0.0651429846211607
26/05/1998,0.0722738045259121
27/05/1998,0.0849454651348178
28/05/1998,0.101685619347741
29/05/1998,0.0724649677610464
30/05/1998,0.0395081141980172
31/05/1998,0.043757135804457
01/06/1998,0.0412582343504166
02/06/1998,0.0760141821506993
03/06/1998,0.194596529603007
04/06/1998,0.253203841033826
05/06/1998,0.260358903713529
06/06/1998,0.35472023248549
07/06/1998,0.496864409474508
08/06/1998,0.448750912587729
09/06/1998,0.315558143548436
10/06/1998,0.367196046089929
11/06/1998,0.24762815752493
12/06/1998,0.411834104802033
13/06/1998,0.508949527900677
14/06/1998,0.741544004983642
15/06/1998,0.756319841447245
16/06/1998,0.576743128316374
17/06/1998,0.56102404262408
18/06/1998,0.593029893939967
19/06/1998,0.424796713540509
20/06/1998,0.448049098130029
21/06/1998,0.401542335987723
22/06/1998,0.39213578271759
23/06/1998,0.480617603147798
24/06/1998,0.491951604824615
25/06/1998,0.189030097884688
26/06/1998,0.0906579328060044
27/06/1998,0.12914089251858
28/06/1998,0.215115311623726
29/06/1998,0.276544021217197
30/06/1998,0.455874636823533
01/07/1998,0.382916608075384
02/07/1998,0.257325604240619
03/07/1998,0.177963673981835
04/07/1998,0.228951552244667
05/07/1998,0.306058112432117
06/07/1998,0.417125092853144
07/07/1998,0.414003696482242
08/07/1998,0.313445112930868
09/07/1998,0.253556764551488
10/07/1998,0.332732549032942
11/07/1998,0.316323593529541
12/07/1998,0.183608927704328
13/07/1998,0.217563695521673
14/07/1998,0.329766049123698
15/07/1998,0.348611330308564
16/07/1998,0.38057357141564
17/07/1998,0.358462961372232
18/07/1998,0.362548431967226
19/07/1998,0.525377735595172
20/07/1998,0.878203511625529
21/07/1998,1.23984572200676
22/07/1998,1.53334036311909
23/07/1998,2.69610609204293
24/07/1998,2.0739522826027
25/07/1998,2.92356104115174
26/07/1998,1.92559675136127
27/07/1998,1.93509729669972
28/07/1998,3.02191480568804
29/07/1998,3.01210241146058
30/07/1998,2.10741829358272
31/07/1998,2.71490385196684
01/08/1998,2.85393287496703
02/08/1998,1.66656211645836
03/08/1998,1.2493467063875
04/08/1998,1.48585741144836
05/08/1998,1.45053319958303
06/08/1998,1.58447136032049
07/08/1998,1.41096564046883
08/08/1998,1.50574641141679
09/08/1998,1.41035700219209
10/08/1998,1.7962650170802
11/08/1998,3.15106669931255
12/08/1998,3.5737333112682
13/08/1998,4.28284911597935
14/08/1998,8.81483355661315
15/08/1998,9.01951242099067
16/08/1998,10.898039691822
17/08/1998,3.58810563783086
18/08/1998,2.62366466373387
19/08/1998,1.4356736751475
20/08/1998,0.975036481397742
21/08/1998,0.557983763535029
22/08/1998,0.506130491980173
23/08/1998,0.518112949216587
24/08/1998,0.530843829312674
25/08/1998,0.579237543264616
26/08/1998,0.47074843647542
27/08/1998,0.44051560168099
28/08/1998,0.399177240471212
29/08/1998,0.399664822782482
30/08/1998,0.31601321954759
31/08/1998,0.315360209372085
01/09/1998,0.656393616153505
02/09/1998,0.707470269606845
03/09/1998,0.799362523209218
04/09/1998,0.453351308024346
05/09/1998,0.503975897996132
06/09/1998,0.590257093911459
07/09/1998,1.01612436575996
08/09/1998,1.68490602720286
09/09/1998,1.38357714772175
10/09/1998,1.16761082435335
11/09/1998,0.939736750425617
12/09/1998,0.72522530657846
13/09/1998,1.08779723252541
14/09/1998,0.941959413090389
15/09/1998,0.768046256267917
16/09/1998,0.953462585813833
17/09/1998,1.13411694632102
18/09/1998,1.11695304388946
19/09/1998,1.55548582334524
20/09/1998,1.97714586673635
21/09/1998,1.70892545446019
22/09/1998,1.08410385734497
23/09/1998,1.03192754957692
24/09/1998,1.26351516079386
25/09/1998,1.176154007569
26/09/1998,0.906786379642648
27/09/1998,1.01914686454889
28/09/1998,1.02203756796784
29/09/1998,1.12858523419321
30/09/1998,0.852357994414703
01/10/1998,0.677726756425728
02/10/1998,0.618550720229022
03/10/1998,0.531045109191458
04/10/1998,1.17331894685997
05/10/1998,2.32953024670576
06/10/1998,2.57199797480707
07/10/1998,1.7727150032922
08/10/1998,1.89626279048365
09/10/1998,1.97772024825164
10/10/1998,1.5493013677176
11/10/1998,1.57869266777241
12/10/1998,2.04202899248222
13/10/1998,2.04970129023008
14/10/1998,2.042265301724
15/10/1998,2.39756052844335
16/10/1998,2.91974510104185
17/10/1998,2.57832398657764
18/10/1998,2.46519757137765
19/10/1998,3.08241047619327
20/10/1998,4.1302702899999
21/10/1998,2.71207914095027
22/10/1998,3.20298578497328
23/10/1998,2.13574499647228
24/10/1998,2.44655399279106
25/10/1998,2.20679960786886
26/10/1998,1.54106285934091
27/10/1998,1.37544741606967
28/10/1998,1.08046076784501
29/10/1998,0.535610142978705
30/10/1998,0.31715445648518
31/10/1998,0.252721307469941
01/11/1998,0.398860459552192
02/11/1998,0.603797900009782
03/11/1998,0.92233051439768
04/11/1998,1.12901708487414
05/11/1998,0.817698208842313
06/11/1998,0.559822353273413
07/11/1998,0.750688585602808
08/11/1998,0.82327081119443
09/11/1998,1.16204962146639
10/11/1998,1.00875811835405
11/11/1998,1.0540201670936
12/11/1998,1.3132641800863
13/11/1998,1.43255065666192
14/11/1998,1.52795755717784
15/11/1998,1.29942562248548
16/11/1998,1.34737075803469
17/11/1998,1.40509902752047
18/11/1998,1.13996056198762
19/11/1998,1.36925942971045
20/11/1998,1.5160265678605
21/11/1998,1.2646555780675
22/11/1998,1.21574977913568
23/11/1998,1.61991207805542
24/11/1998,1.67390559658169
25/11/1998,1.65771027991558
26/11/1998,1.1329812210658
27/11/1998,0.892012711300857
28/11/1998,0.661524656269912
29/11/1998,0.583419314373988
30/11/1998,0.544026282309569
01/12/1998,0.504877840855451
02/12/1998,0.426565257151483
03/12/1998,0.349099545815629
04/12/1998,0.319618593959289
05/12/1998,0.658866039821546
06/12/1998,0.425115415126588
07/12/1998,0.307311436282586
08/12/1998,0.311620661413681
09/12/1998,0.204730111184434
10/12/1998,0.181170183816781
11/12/1998,0.28616254232158
12/12/1998,0.25473950577215
13/12/1998,0.156659912180351
14/12/1998,0.187123119658966
15/12/1998,0.287858796078951
16/12/1998,0.228463836501652
17/12/1998,0.121884558700085
18/12/1998,0.152637003982247
19/12/1998,0.272273021765549
20/12/1998,0.294034880149601
21/12/1998,0.361681768641583
22/12/1998,0.546138082382734
23/12/1998,0.686943073333502
24/12/1998,0.343226464716652
25/12/1998,0.283724457162215
26/12/1998,0.263725724798054
27/12/1998,0.285950475515262
28/12/1998,0.169447420969288
29/12/1998,0.134227628704948
30/12/1998,0.136295180749775
31/12/1998,0.18619562527852
01/01/2000,0.350031461365238
02/01/2000,0.783010772973069
03/01/2000,0.566976811586334
04/01/2000,0.53598496262267
05/01/2000,0.885081499338641
06/01/2000,0.372768634556403
07/01/2000,0.301362487967807
08/01/2000,0.382169143917242
09/01/2000,0.447505432225042
10/01/2000,0.691725890170698
11/01/2000,1.10479185862568
12/01/2000,1.38544874614362
13/01/2000,1.8981805633567
14/01/2000,2.26428488304994
15/01/2000,2.06048002118982
16/01/2000,2.098389032789
17/01/2000,2.17394693190917
18/01/2000,2.19945530065235
19/01/2000,2.32645969554396
20/01/2000,2.48927199431852
21/01/2000,2.82428039240271
22/01/2000,3.05194783492891
23/01/2000,2.86781320939969
24/01/2000,1.74309959943707
25/01/2000,1.23052767028312
26/01/2000,0.919975381804197
27/01/2000,1.08990919218407
28/01/2000,1.51268941523998
29/01/2000,1.03427717996541
30/01/2000,1.54993933153021
31/01/2000,2.42929620698059
01/02/2000,4.53071994317012
02/02/2000,3.52002840705937
03/02/2000,2.62503811265272
04/02/2000,3.52252711505201
05/02/2000,3.18285800891649
06/02/2000,3.33606814555237
07/02/2000,3.0152497150392
08/02/2000,2.27391036697522
09/02/2000,3.45504433622714
10/02/2000,4.42125366926908
11/02/2000,5.56326222067717
12/02/2000,5.21910030570187
13/02/2000,4.73813027494749
14/02/2000,4.42771780330304
15/02/2000,3.85475193175769
16/02/2000,2.83471903074977
17/02/2000,2.66844221600274
18/02/2000,2.72330008399776
19/02/2000,2.8893381437733
20/02/2000,2.24487241660056
21/02/2000,1.45423528935755
22/02/2000,1.1998890889807
23/02/2000,1.95305378380185
24/02/2000,2.27343458544378
25/02/2000,2.34844752567902
26/02/2000,2.15129381279665
27/02/2000,2.72004331472936
28/02/2000,2.68278425615344
29/02/2000,2.2793848722411
01/03/2000,1.75509944351796
02/03/2000,1.35174508046426
03/03/2000,1.47409043941179
04/03/2000,1.51058089280018
05/03/2000,1.48546769847075
06/03/2000,1.63498191984836
07/03/2000,1.34297787212629
08/03/2000,1.21535252989886
09/03/2000,1.41332916649927
10/03/2000,1.10097169436414
11/03/2000,1.39593436144024
12/03/2000,2.01508732177694
13/03/2000,1.68182579374704
14/03/2000,1.76267402578229
15/03/2000,1.53203237829021
16/03/2000,1.41669982894876
17/03/2000,1.25496545973366
18/03/2000,1.25466907743179
19/03/2000,1.27923271517784
20/03/2000,1.24949264810728
21/03/2000,1.12873239289075
22/03/2000,1.15612289054398
23/03/2000,1.0937861708348
24/03/2000,1.6941180942165
25/03/2000,1.82539028172231
26/03/2000,1.84343938571575
27/03/2000,1.55363080061226
28/03/2000,1.39618632958695
29/03/2000,1.68260239811099
30/03/2000,1.42721396904969
31/03/2000,1.49148075320347
01/04/2000,1.31705507650569
02/04/2000,0.914261112467953
03/04/2000,0.962015761185938
04/04/2000,0.762895780071258
05/04/2000,0.696930495211109
06/04/2000,0.780537925555973
07/04/2000,1.11770582647731
08/04/2000,0.533773081281423
09/04/2000,0.484384940797068
10/04/2000,0.495112209376981
11/04/2000,0.686441777421845
12/04/2000,0.582217036477022
13/04/2000,0.643443232712109
14/04/2000,0.522528377126004
15/04/2000,0.440713501543785
16/04/2000,0.4134196115405
17/04/2000,0.345566264691114
18/04/2000,0.378232134729176
19/04/2000,0.294191888841848
20/04/2000,0.325273740042295
21/04/2000,0.39848625540437
22/04/2000,0.834311416806499
23/04/2000,1.49957728398307
24/04/2000,1.47708744289814
25/04/2000,2.0531626146051
26/04/2000,2.03334123654154
27/04/2000,2.06702030201668
28/04/2000,1.66450068042508
29/04/2000,1.29167871709176
30/04/2000,1.08557621538644
01/05/2000,0.907800796682378
02/05/2000,0.913888765768476
03/05/2000,0.918461147628976
04/05/2000,0.841267830446444
05/05/2000,0.64898132944602
06/05/2000,0.580174777249427
07/05/2000,0.422650156151623
08/05/2000,0.295593554907685
09/05/2000,0.245686355831688
10/05/2000,0.195414843597235
11/05/2000,0.115356072691428
12/05/2000,0.0922144397216035
13/05/2000,0.0702854942121452
14/05/2000,0.101491898508945
15/05/2000,0.10665570808547
16/05/2000,0.122168575338947
17/05/2000,0.165866170658846
18/05/2000,0.210226148945658
19/05/2000,0.179077397356004
20/05/2000,0.17462671673196
21/05/2000,0.235565341527966
22/05/2000,0.243840865270059
23/05/2000,0.243804682821965
24/05/2000,0.323955626465874
25/05/2000,0.306621444067274
26/05/2000,0.17909006624963
27/05/2000,0.213100557410568
28/05/2000,0.501397542544064
29/05/2000,0.671128647855777
30/05/2000,0.749487994871314
31/05/2000,0.904451404933025
01/06/2000,1.82857030853522
02/06/2000,2.69509160203775
03/06/2000,1.90830308133831
04/06/2000,1.09769745451884
05/06/2000,0.667532031373301
06/06/2000,0.414466889762446
07/06/2000,0.454748905376521
08/06/2000,0.377288260469358
09/06/2000,0.42111153451364
10/06/2000,0.599674584360065
11/06/2000,0.710853455374703
12/06/2000,0.926622041915366
13/06/2000,1.08730659889829
14/06/2000,1.02671992530926
15/06/2000,1.05610347936704
16/06/2000,0.971483489181238
17/06/2000,1.21170127223111
18/06/2000,1.87161011409765
19/06/2000,2.56559683718172
20/06/2000,2.20917855671187
21/06/2000,3.20088918189091
22/06/2000,2.44789843951133
23/06/2000,1.5984410529019
24/06/2000,1.17762395482345
25/06/2000,1.77724179763954
26/06/2000,2.16886960350016
27/06/2000,2.28540618405525
28/06/2000,1.26935271378343
29/06/2000,2.33906835539523
30/06/2000,2.44688590514721
01/07/2000,2.10545992537404
02/07/2000,1.99642335369493
03/07/2000,2.57493549900195
04/07/2000,2.17241475493971
05/07/2000,1.52121747954247
06/07/2000,1.72039341402663
07/07/2000,1.70938633269825
08/07/2000,1.42698000849375
09/07/2000,1.41129901647911
10/07/2000,1.49903167391167
11/07/2000,2.44132020229715
12/07/2000,1.70041773749821
13/07/2000,0.944140473726717
14/07/2000,0.759769591221383
15/07/2000,0.923447077515303
16/07/2000,1.40143553922904
17/07/2000,2.7221199195174
18/07/2000,3.82816676545057
19/07/2000,3.53799738856815
20/07/2000,1.41159131331803
21/07/2000,1.77165808352226
22/07/2000,1.40039227210923
23/07/2000,0.784982056679814
24/07/2000,0.605200449897905
25/07/2000,0.487960264586496
26/07/2000,0.36568682485038
27/07/2000,0.298639703307089
28/07/2000,0.397710902246298
29/07/2000,0.54833221593947
30/07/2000,0.568646747427731
31/07/2000,1.38529748895563
01/08/2000,1.25592444538029
02/08/2000,1.51828809573704
03/08/2000,1.36301757200003
04/08/2000,1.28633911736163
05/08/2000,1.05286921071106
06/08/2000,1.0407907806235
07/08/2000,0.873348326119945
08/08/2000,0.584977479397445
09/08/2000,0.481431156143871
10/08/2000,0.288785164840931
11/08/2000,0.178155140759055
12/08/2000,0.129148003137638
13/08/2000,0.12886439358401
14/08/2000,0.141131428769051
15/08/2000,0.0839628093899577
16/08/2000,0.145944637296906
17/08/2000,0.113196407733109
18/08/2000,0.119711239675872
19/08/2000,0.172926771904404
20/08/2000,0.274214674453333
21/08/2000,0.450052085237693
22/08/2000,0.4936261904868
23/08/2000,0.653082642540087
24/08/2000,0.642393182207742
25/08/2000,0.554639210215379
26/08/2000,0.698791980635228
27/08/2000,0.673976047578554
28/08/2000,0.634451891404593
29/08/2000,0.868374228751226
30/08/2000,0.76589318188948
31/08/2000,0.692108256335882
01/09/2000,0.728338428388637
02/09/2000,0.715559429042927
03/09/2000,0.699834562219704
04/09/2000,0.805478813943159
05/09/2000,0.825033957856611
06/09/2000,0.717016891896336
07/09/2000,0.9021787475004
08/09/2000,0.918727803698436
09/09/2000,0.677468067745944
10/09/2000,0.608713622333124
11/09/2000,0.569621090600995
12/09/2000,0.425769201500983
13/09/2000,0.452883379420809
14/09/2000,0.315981519048885
15/09/2000,0.258430145050863
16/09/2000,0.411800455679002
17/09/2000,0.378575200543916
18/09/2000,0.287529383659801
19/09/2000,0.452694823155062
20/09/2000,0.50899772373163
21/09/2000,0.321607794219441
22/09/2000,0.511469162702769
23/09/2000,0.481260315947126
24/09/2000,0.515166816607567
25/09/2000,0.627648083969098
26/09/2000,0.749673494672899
27/09/2000,0.753605559703453
28/09/2000,1.23140822494973
29/09/2000,1.1488536525739
30/09/2000,0.635322478449617
01/10/2000,0.447764016086318
02/10/2000,0.609148370646298
03/10/2000,1.58792977773059
04/10/2000,2.36324337585312
05/10/2000,1.99547396423773
06/10/2000,1.98286581664989
07/10/2000,1.72047153328194
08/10/2000,1.85163729527715
09/10/2000,1.21201408264759
10/10/2000,1.40107640556527
11/10/2000,1.72479724757854
12/10/2000,2.22249192318135
13/10/2000,2.00291272696044
14/10/2000,2.04336254435871
15/10/2000,2.33739094969896
16/10/2000,3.3571970564371
17/10/2000,2.87715180388742
18/10/2000,1.83496263312239
19/10/2000,1.58434054425183
20/10/2000,1.41822523863767
21/10/2000,1.31655544450355
22/10/2000,1.15419985824042
23/10/2000,1.40953773582724
24/10/2000,1.68469208026394
25/10/2000,1.6434828374484
26/10/2000,1.67232012387181
27/10/2000,2.24029379552138
28/10/2000,2.04592083826658
29/10/2000,2.35092674876529
30/10/2000,2.95318856809811
31/10/2000,2.72504286619165
01/11/2000,3.00195575853209
02/11/2000,3.26347238032676
03/11/2000,2.16994929580024
04/11/2000,3.76547994552572
05/11/2000,4.51332301735
06/11/2000,4.96767985197842
07/11/2000,3.33983500758684
08/11/2000,3.66554773635454
09/11/2000,2.63447994793377
10/11/2000,1.98926124478819
11/11/2000,1.65668360990776
12/11/2000,1.48581417505629
13/11/2000,1.39519487241502
14/11/2000,1.16190814029712
15/11/2000,1.22894239149935
16/11/2000,1.2016483829758
17/11/2000,1.3037783211745
18/11/2000,1.29911257157955
19/11/2000,1.04733135445639
20/11/2000,1.43251101441856
21/11/2000,1.83986410354542
22/11/2000,1.96940900142795
23/11/2000,1.81296758353678
24/11/2000,2.01060191499208
25/11/2000,2.40673119898773
26/11/2000,2.8339695859406
27/11/2000,4.43139584057014
28/11/2000,6.28393371174514
29/11/2000,8.9779450002849
30/11/2000,6.17619903561691
01/12/2000,4.31365588682012
02/12/2000,3.78528685256005
03/12/2000,3.88220645608792
04/12/2000,4.28549087788661
05/12/2000,4.94525471743289
06/12/2000,3.67426193405938
07/12/2000,2.26258654544928
08/12/2000,1.42316768092806
09/12/2000,1.44941633504176
10/12/2000,2.05892611702443
11/12/2000,3.0974797646856
12/12/2000,3.92048484399847
13/12/2000,3.98045447704403
14/12/2000,3.70468188722825
15/12/2000,2.99635080664659
16/12/2000,3.02054420719836
17/12/2000,2.07197437608425
18/12/2000,1.43048492654813
19/12/2000,1.266117106119
20/12/2000,1.2171636536869
21/12/2000,0.68640556394328
22/12/2000,0.589969832676344
23/12/2000,0.504431566089127
24/12/2000,0.466622316470168
25/12/2000,0.357282102822098
26/12/2000,0.304474941555251
27/12/2000,0.439028015654648
28/12/2000,0.435708185240618
29/12/2000,0.337106369259001
30/12/2000,0.235467387948429
31/12/2000,0.397057903312381
01/01/2002,0.290759534575625
02/01/2002,0.442450131021413
03/01/2002,0.463310625021363
04/01/2002,0.668406002913867
05/01/2002,1.45949683306048
06/01/2002,1.20606485629309
07/01/2002,1.45113397297539
08/01/2002,2.15923502104503
09/01/2002,1.03647226182496
10/01/2002,0.509764961177859
11/01/2002,1.03483987870686
12/01/2002,1.81443804924753
13/01/2002,2.06547906124589
14/01/2002,2.3977363623442
15/01/2002,2.25607903366917
16/01/2002,1.77788915204811
17/01/2002,1.34630408047665
18/01/2002,1.27552056378701
19/01/2002,1.82143361932825
20/01/2002,1.91989323448516
21/01/2002,1.78427384165098
22/01/2002,2.51785161846723
23/01/2002,3.07654135176413
24/01/2002,2.96288452730225
25/01/2002,2.07985855924864
26/01/2002,1.77031183765247
27/01/2002,1.40168992450345
28/01/2002,1.32399043637672
29/01/2002,1.57827414456218
30/01/2002,1.66627786158066
31/01/2002,1.24844223080399
01/02/2002,0.797268354791723
02/02/2002,1.1957448822597
03/02/2002,0.821416006855263
04/02/2002,0.952591234226245
05/02/2002,0.798742151300057
06/02/2002,0.877609308012785
07/02/2002,0.914457648313274
08/02/2002,0.821562575770559
09/02/2002,1.55046975113703
10/02/2002,2.18241370652992
11/02/2002,1.78317866953051
12/02/2002,1.87611019247485
13/02/2002,2.01907676158875
14/02/2002,2.0470503539105
15/02/2002,2.4157007775892
16/02/2002,2.53428920072512
17/02/2002,2.78327231234567
18/02/2002,2.94315966957444
19/02/2002,3.25633857284573
20/02/2002,2.9287870350812
21/02/2002,2.28220773255198
22/02/2002,2.10954007591692
23/02/2002,2.59800782034427
24/02/2002,2.47776947587421
25/02/2002,2.09531340121532
26/02/2002,2.1146509787578
27/02/2002,3.29721113940173
28/02/2002,3.87271148141387
01/03/2002,3.40771561150154
02/03/2002,2.97723532963958
03/03/2002,2.80230717840734
04/03/2002,2.56802892263689
05/03/2002,2.83252874596694
06/03/2002,2.90304220660979
07/03/2002,2.92739830440099
08/03/2002,2.73970753465807
09/03/2002,2.36587603426876
10/03/2002,2.6029344067183
11/03/2002,2.35262218085985
12/03/2002,2.35898937961034
13/03/2002,3.21377656002284
14/03/2002,2.87925151402093
15/03/2002,3.08469338683868
16/03/2002,3.0609898039722
17/03/2002,2.94331507809197
18/03/2002,1.98870913141926
19/03/2002,2.0077276860852
20/03/2002,1.77535120328028
21/03/2002,1.37573748682773
22/03/2002,1.19361259962186
23/03/2002,1.12199101479149
24/03/2002,1.31692798238247
25/03/2002,1.55044479629964
26/03/2002,1.67955158338067
27/03/2002,1.67345304813126
28/03/2002,1.16455306953071
29/03/2002,0.92315364314783
30/03/2002,0.8182862551163
31/03/2002,0.923866433542389
01/04/2002,0.891377453631166
02/04/2002,0.863683860479199
03/04/2002,0.841096964290426
04/04/2002,1.28314359180785
05/04/2002,2.2085458092329
06/04/2002,1.26606838670623
07/04/2002,0.768049191470087
08/04/2002,0.508730771168769
09/04/2002,0.749238500607528
10/04/2002,0.690487079679869
11/04/2002,0.539926942595455
12/04/2002,0.605560900099388
13/04/2002,0.507988990651665
14/04/2002,0.484279729849181
15/04/2002,0.461504360003931
16/04/2002,0.487876064483167
17/04/2002,0.517091594243326
18/04/2002,0.503097497370022
19/04/2002,0.548649105287586
20/04/2002,0.7231732315124
21/04/2002,0.74233383848645
22/04/2002,0.797771888498276
23/04/2002,0.788968489223452
24/04/2002,1.09850045982512
25/04/2002,1.76783652214755
26/04/2002,1.76636125875433
27/04/2002,2.4584345003968
28/04/2002,2.68712284693678
29/04/2002,2.51801168932355
30/04/2002,2.40312912148335
01/05/2002,2.06381956997471
02/05/2002,1.66499874959079
03/05/2002,1.13258232935824
04/05/2002,0.784609896909063
05/05/2002,0.685350021290199
06/05/2002,0.826390495564493
07/05/2002,0.812466257471217
08/05/2002,0.97110034359357
09/05/2002,0.87404765061843
10/05/2002,0.729097844371068
11/05/2002,0.709667364870458
12/05/2002,0.999575341149436
13/05/2002,0.922566414801178
14/05/2002,0.68007224858904
15/05/2002,0.570268947966583
16/05/2002,0.646588189404579
17/05/2002,0.915346343677096
18/05/2002,0.730401079145712
19/05/2002,0.614295117326438
20/05/2002,0.503581077012923
21/05/2002,0.501169457000338
22/05/2002,0.52772748382781
23/05/2002,0.545175402710454
24/05/2002,0.663060796448212
25/05/2002,0.443409775086989
26/05/2002,0.231031754235576
27/05/2002,0.137851602184379
28/05/2002,0.120287335598724
29/05/2002,0.146158273053344
30/05/2002,0.137273819254151
31/05/2002,0.104348270646834
01/06/2002,0.170899632012653
02/06/2002,0.238736610472959
03/06/2002,0.217814669816829
04/06/2002,0.201087256099791
05/06/2002,0.241083712376351
06/06/2002,0.205367141444026
07/06/2002,0.172927456943629
08/06/2002,0.123304315599114
09/06/2002,0.196031017513208
10/06/2002,0.183320659653923
11/06/2002,0.13287179710043
12/06/2002,0.124575019057859
13/06/2002,0.0834611353212876
14/06/2002,0.0876680534987266
15/06/2002,0.0775310726811524
16/06/2002,0.221425137909637
17/06/2002,0.269858875111002
18/06/2002,0.268413993841683
19/06/2002,0.28421349871502
20/06/2002,0.364140508406117
21/06/2002,0.266064081310302
22/06/2002,0.294436645614265
23/06/2002,0.444767609963284
24/06/2002,0.351975067016006
25/06/2002,0.302704335752699
26/06/2002,0.30518886447932
27/06/2002,0.276748398707917
28/06/2002,0.241737041175587
29/06/2002,0.283060725435022
30/06/2002,0.278510038936386
01/07/2002,0.381813021983597
02/07/2002,0.416952423700537
03/07/2002,0.511282545340951
04/07/2002,0.898416633220978
05/07/2002,0.945662882234764
06/07/2002,1.41478811637053
07/07/2002,1.24141004022861
08/07/2002,0.884434259696143
09/07/2002,0.73954889188796
10/07/2002,0.619796317364001
11/07/2002,0.744592764203015
12/07/2002,0.798327384646548
13/07/2002,0.684732119049941
14/07/2002,0.712580733499861
15/07/2002,0.889870950181689
16/07/2002,1.0355729290064
17/07/2002,1.20781676712667
18/07/2002,1.33212024136755
19/07/2002,1.4211874598558
20/07/2002,1.55441045702536
21/07/2002,0.929384882393045
22/07/2002,0.454514161070011
23/07/2002,0.465521912787537
24/07/2002,0.502418469076721
25/07/2002,0.350735678065666
26/07/2002,0.448868566067134
27/07/2002,0.323542379422938
28/07/2002,0.319126258917345
29/07/2002,0.226354991506236
30/07/2002,0.26519881977736
31/07/2002,0.207672659840757
01/08/2002,0.221326885814659
02/08/2002,0.28609044286158
03/08/2002,0.207924587461983
04/08/2002,0.203381835808038
05/08/2002,0.126092517230778
06/08/2002,0.127725219228539
07/08/2002,0.249481471553813
08/08/2002,0.253092073574226
09/08/2002,0.408366394015782
10/08/2002,0.696148742981025
11/08/2002,0.976365219979251
12/08/2002,1.01814648278172
13/08/2002,1.24932755219675
14/08/2002,1.38029620017991
15/08/2002,1.48869866935398
16/08/2002,3.66550780488327
17/08/2002,4.2776501802085
18/08/2002,3.53584449513061
19/08/2002,6.84281170646047
20/08/2002,9.09532836458767
21/08/2002,9.27812445672365
22/08/2002,6.8913165974822
23/08/2002,2.84080129516784
24/08/2002,1.18293407149794
25/08/2002,1.14155784790043
26/08/2002,0.662093113128676
27/08/2002,0.401437664035036
28/08/2002,0.272028374194176
29/08/2002,0.256206104557132
30/08/2002,0.24288844191268
31/08/2002,0.217509044444733
01/09/2002,0.275854713652367
02/09/2002,0.447756361162434
03/09/2002,0.838627416220601
04/09/2002,0.833433325728256
05/09/2002,0.741457143372156
06/09/2002,1.17456754515214
07/09/2002,2.07889735297156
08/09/2002,3.58004651721438
09/09/2002,4.05580560989784
10/09/2002,5.25787219968626
11/09/2002,5.18922729429957
12/09/2002,5.54923520908739
13/09/2002,4.41940743354315
14/09/2002,3.21017261413544
15/09/2002,1.69401259591095
16/09/2002,1.31059999709247
17/09/2002,0.98819987053337
18/09/2002,0.878469719629911
19/09/2002,0.748027328846584
20/09/2002,0.783345812446433
21/09/2002,0.638602753079505
22/09/2002,0.551976947294372
23/09/2002,0.847458920531526
24/09/2002,0.870309485555268
25/09/2002,0.982667650721474
26/09/2002,0.580822569857576
27/09/2002,0.626269366346213
28/09/2002,0.594896542796183
29/09/2002,0.592159766309003
30/09/2002,0.726096664243231
01/10/2002,0.356928475843938
02/10/2002,0.54954083829936
03/10/2002,0.970510808352237
04/10/2002,1.50021492095519
05/10/2002,1.26671285582432
06/10/2002,0.879272839742048
07/10/2002,1.20875332430305
08/10/2002,1.46164672692857
09/10/2002,1.72542318353051
10/10/2002,1.42166401121269
11/10/2002,1.14244500282305
12/10/2002,1.56791330244052
13/10/2002,1.72137870572248
14/10/2002,1.81738102241053
15/10/2002,2.13770229228328
16/10/2002,3.10530905882773
17/10/2002,3.28368462861576
18/10/2002,2.84645950214627
19/10/2002,2.36877808126154
20/10/2002,2.64581417915761
21/10/2002,2.66676589294281
22/10/2002,1.95557714660329
23/10/2002,1.83464856690302
24/10/2002,1.79348746801783
25/10/2002,1.79123599784878
26/10/2002,1.22164876042018
27/10/2002,1.41111584378566
28/10/2002,1.66100053605149
29/10/2002,1.59676757209985
30/10/2002,1.18467862185704
31/10/2002,0.938479524796948
